v1,v2,v3,v4,v5,v6,v7,v8,v9,v10,v11,v12,v13,v14,v15,v16,v17,v18,v19,v20,v21,v22,v23,v24,v25,v26,v27,v28,v29,v30,v31,v32,v33,v34,v35,v36,v37,v38,v39,v40,v41,salary
30,78,78,34.6,9.2,17.7,1.8,5,7.5,12.8,0.571,5.7,6.5,0.4,5.9,5.9,0.7,1.1,2.9,2,26,24.2,0.631,0.281,0.366,1.4,17.5,9.8,26.2,1,2.6,12.3,29,8.6,2.9,11.5,0.204,5.4,0.1,5.5,5.1,17.4583199
34,55,55,35.2,10.1,19.9,2,5.9,8.1,14,0.56,5.1,7.6,1,7.4,8.3,1.3,0.6,3.6,1.7,27.4,25.6,0.588,0.299,0.382,3.1,21.3,12.4,39.4,1.7,1.4,13.3,31.6,4.7,2.6,7.2,0.179,6.4,1.7,8,4.9,17.43816629
32,65,65,34,4.7,11.4,2.4,7,2.3,4.4,0.518,2.5,3,0.6,4.2,8.7,1.4,0.5,2.8,2.6,14.2,16.5,0.562,0.613,0.263,2.1,12.9,7.6,34.8,2,1.2,18.1,19.6,3.6,3,6.6,0.144,1.7,0.6,2.3,2.4,17.37075279
29,75,75,35,8.3,17.9,2.5,7,5.7,10.9,0.532,5.5,7.3,1.3,6.2,5.4,0.7,0.4,3.4,2.7,24.5,21,0.581,0.389,0.41,4,20.1,11.8,27.1,1,0.9,13.8,30.2,5.1,2.9,8,0.147,4.9,0.2,5.1,4.7,17.35501851
29,65,65,33.6,6.4,13.9,1,3,5.4,10.9,0.499,4.8,5.6,1.9,3.4,4,1.9,0.6,1.5,1.7,18.7,20.2,0.571,0.213,0.404,6,10.5,8.3,18,2.7,1.4,8.2,22.3,5.4,2.5,7.9,0.173,2.8,0.9,3.7,3.2,17.30416922
27,60,60,34,9.3,18.8,1.9,5,7.5,13.8,0.546,6.1,7.1,1.3,6,3.3,1.8,0.4,2,1.5,26.6,25.8,0.606,0.267,0.377,4.2,18.6,11.6,16.4,2.5,1,8.4,30.3,6.1,3.4,9.5,0.224,6.1,1.1,7.2,4.7,17.30416922
28,82,82,34.9,8.9,20.5,3.2,8.9,5.7,11.6,0.511,4.6,5.5,0.6,3.8,5.9,1.2,0.4,2.6,1.6,25.6,21.7,0.558,0.434,0.267,1.9,11.9,6.8,29.4,1.7,1,10.1,31.5,5.5,1.9,7.4,0.123,5.2,-1,4.2,4.4,17.30416922
28,78,78,34,8.4,18,3.1,7.7,5.3,10.3,0.553,1.7,2,0.5,3.4,2.4,1.1,0.6,1.5,2,21.5,16.6,0.571,0.427,0.113,1.6,10.1,6,10.5,1.5,1.5,7.2,25.6,2.9,2.3,5.3,0.095,1.1,-1.4,-0.3,1.2,17.30416922
26,82,82,34.7,7.5,15.3,1.9,4.8,5.5,10.5,0.549,3.2,3.7,0.8,7,2.8,0.6,0.5,1.8,2.2,20,17.2,0.592,0.313,0.245,2.6,20.8,12,12.5,0.8,1,9.8,22.8,4.5,2.6,7.1,0.12,2.1,-0.5,1.6,2.6,17.30416922
28,72,18,25.9,4.1,8.8,1.1,3.2,3,5.6,0.527,2.2,2.6,0.7,3.8,3.4,0.9,0.3,1.5,1.4,11.5,15.6,0.575,0.364,0.294,2.9,15.5,9.2,18.4,1.6,1.1,12.8,19,2.6,2.3,4.9,0.126,0.4,0.4,0.8,1.3,17.30290674
31,70,70,33.5,7,16,2.2,6.1,4.8,9.9,0.507,4.9,5.8,0.6,2.8,6.4,1.3,0.3,1.9,1.8,21.1,21.4,0.569,0.38,0.363,1.9,9.7,5.7,33.4,2,0.9,9.1,27.3,5.7,2.3,8,0.164,4.6,0.1,4.7,3.9,17.29710824
26,67,67,33,9,18.5,2.6,6.5,6.4,12,0.557,3.2,3.7,1.1,3.9,6.9,1.5,0.5,2.6,2.5,23.8,24.3,0.592,0.35,0.197,3.4,12.7,8.1,35,2.2,1.4,11.3,29.6,6.2,2.9,9.1,0.197,6,1.1,7.2,5.1,17.27315128
27,77,77,31.1,6.6,14.9,2.3,6.2,4.2,8.8,0.519,2.8,3.4,0.6,5.3,4.3,1,0.1,2.3,2.2,18.3,16.5,0.558,0.413,0.225,2.3,16.5,9.8,20.1,1.6,0.2,12.1,25.1,2.5,3.6,6.1,0.123,0.7,0.1,0.8,1.7,17.23662324
28,77,77,36.9,9.2,21,3.8,9.8,5.4,11.1,0.529,5.9,7,1.4,6.8,4.1,2.2,0.4,2.7,2.8,28,23.3,0.583,0.469,0.335,3.7,19.6,11.4,17.7,2.8,1,10,29.5,7,4.9,11.9,0.201,5.6,1.6,7.2,6.6,17.23522543
33,70,65,27.1,4.6,9.5,0.8,2.3,3.8,7.2,0.528,2.6,3.6,2.2,5,2,1.2,0.8,1.4,2.6,12.6,17.9,0.57,0.239,0.374,8.7,20.2,14.4,10.6,2.2,2.5,10.9,19.6,3.2,2.9,6.1,0.155,0.7,1,1.7,1.8,17.22830708
28,80,80,35.5,8.5,19.2,3,8,5.6,11.1,0.522,5.9,6.4,0.9,3.8,6.9,1.1,0.4,2.7,1.9,25.8,23.7,0.588,0.419,0.335,2.6,11.1,7,30.6,1.5,1,10.8,29.3,9.7,2.4,12.1,0.205,6.6,-0.3,6.4,6,17.21009683
30,22,21,27.2,5,12.9,2.4,6.7,2.5,6.2,0.479,4.7,5.2,1.5,9.4,2.2,0.3,0.2,1.9,2.5,17,19.5,0.561,0.519,0.403,5.9,40,22.2,12.8,0.5,0.7,11.2,27.4,1,0.4,1.3,0.106,3.3,-1.6,1.6,0.6,17.18083306
32,68,68,29,5.7,10.6,1.1,3,4.6,7.6,0.586,1.1,1.4,1.8,5,4.2,0.9,1.3,1.5,1.9,13.6,20.2,0.605,0.281,0.131,6.5,18.3,12.4,21.2,1.4,3.9,11.8,18.9,4.5,2.9,7.5,0.181,3.3,1.9,5.1,3.6,17.14771507
28,80,80,31.4,8.8,16.9,1.1,2.9,7.7,14,0.549,2.2,2.8,2.8,9.2,3.8,1,1.1,2,2,20.8,25.5,0.573,0.171,0.168,9.4,31.9,20.5,21.9,1.6,3,9.9,28,5.4,4.7,10.1,0.193,5,1.7,6.6,5.5,17.14771507
29,77,77,34.9,8.2,17.1,0.1,0.6,8.1,16.5,0.483,4.8,5.7,0.7,5.3,6.2,1.1,0.5,2.6,2.3,21.2,19.6,0.542,0.034,0.336,2.2,16.4,9.4,27.6,1.6,1.1,11.7,27.9,3.6,2.6,6.3,0.112,1,0.1,1.1,2.2,17.13838507
27,70,70,33.9,8.2,17.8,2.4,6.4,5.8,11.4,0.527,2.3,2.7,0.9,3.1,3,0.8,0.4,1.5,2.5,21,17,0.553,0.358,0.154,2.9,9.7,6.3,13.8,1.1,0.9,7.4,25.5,4,1.7,5.6,0.114,2.1,-1,1,1.8,17.13176566
23,73,73,34.8,6.8,16.6,1.6,4.8,5.2,11.8,0.461,2.8,4.1,1.1,3.7,2.5,1,0.7,1.9,2.1,18.1,12.4,0.493,0.288,0.245,3.5,11.4,7.4,10.9,1.3,1.6,9.3,24.4,-0.6,1.3,0.6,0.012,-1.2,-1.8,-3,-0.6,17.12986491
24,64,64,33.7,9.1,18.7,1.2,4.1,7.8,14.6,0.517,8.2,10.1,2.5,11.1,3.7,0.7,1.9,3.5,3.3,27.5,26.1,0.593,0.219,0.541,8.1,34,21.4,18.4,1,4.4,13.2,33.3,4.9,3.8,8.7,0.194,4,0.9,4.9,3.8,17.12986491
23,80,80,31.3,7.7,15.1,1,3.4,6.7,11.7,0.545,3.6,4.4,2.9,8,7.3,1.4,0.7,3.1,2.9,20.1,26.3,0.589,0.224,0.292,9.8,27.6,18.7,37,2.1,1.9,15.4,27.4,7.5,4.3,11.8,0.226,6.2,2.9,9.1,7,17.12986491
22,81,81,30.2,8.1,18.7,2.9,7.8,5.2,10.9,0.512,2,2.5,0.7,3.2,7,1.2,0.2,3.1,1.7,21.1,19.4,0.533,0.419,0.135,2.3,11.2,6.8,41.3,1.9,0.6,13.6,31.9,2.4,2.6,5,0.097,4,-0.6,3.4,3.4,17.12184766
22,64,64,35,9.2,19.6,2.1,6.5,7,13.1,0.521,6.1,7.1,0.6,3.5,6.8,0.9,0.2,4.1,3.1,26.6,20.2,0.584,0.33,0.362,1.9,11.3,6.5,34.1,1.2,0.5,15.4,32.9,3.3,0.3,3.5,0.076,3.3,-2.3,1,1.7,17.12184766
23,77,77,33.1,8.8,17.1,1.8,4.6,7,12.5,0.572,4.9,5.8,3.4,9,3.4,0.9,1.6,3.1,3.8,24.4,26.3,0.622,0.27,0.342,10.9,29.3,20,17.2,1.3,4.2,13.7,28.9,7.2,3.2,10.4,0.197,5.4,0.6,6,5.1,17.12184766
25,56,43,30.1,5.3,11.5,1.9,4.6,3.5,6.9,0.546,1.4,1.7,1,4.6,2.1,1.5,0.6,1.2,1.9,13.9,15.9,0.569,0.398,0.149,3.4,17,10.1,10.6,2.3,1.6,8.7,19.1,1.8,1.5,3.2,0.093,0.8,0.1,0.9,1.2,17.12058518
25,79,79,33.5,7.1,13.3,0.1,0.5,7,12.8,0.536,3.1,5.2,5.4,10.2,1.4,1.7,1.7,2.2,3.4,17.3,23.4,0.555,0.036,0.392,16.8,34.7,25.4,7.2,2.5,4.4,12.4,22.9,4.1,5.9,10,0.181,1.3,0.8,2.1,2.7,17.11478665
25,82,82,36.9,9.3,19.6,2.5,7.3,6.8,12.4,0.54,4.4,5.5,1.1,3.9,5.5,1.5,0.7,2.7,2.8,25.6,20.8,0.581,0.37,0.278,3.1,11.7,7.4,24.1,1.9,1.6,11,28.4,5.9,1.7,7.6,0.12,3.8,-0.8,2.9,3.7,17.11478665
25,56,56,33,9.5,18.3,0.9,2.6,8.6,15.7,0.54,6.1,7.7,3.1,8.9,3.9,1.6,2.4,2,2.4,25.9,30.3,0.597,0.141,0.422,9.9,27.5,18.8,19,2.2,6,8.4,29.5,6.4,3.1,9.5,0.247,7.1,2.3,9.4,5.3,17.11478661
29,72,53,23.3,5.4,9.4,0,0.2,5.4,9.2,0.572,1.5,3.4,3.6,7.8,0.8,0.6,1.9,1.3,2.7,12.3,23.5,0.564,0.024,0.357,16.3,35.6,25.9,5.6,1.3,7.3,11,22.6,2.3,4,6.3,0.18,1.1,1.2,2.3,1.8,17.11478658
28,67,67,35.9,8.2,17.3,1.8,5.4,6.4,11.9,0.523,3.1,4,1.1,3.9,7.7,1.6,0.8,3.1,2.2,21.2,19.4,0.555,0.313,0.234,3.3,11,7.2,31.8,2.1,1.8,14.1,25.4,3.5,1.9,5.4,0.108,3.1,-0.1,3,3.1,17.08245671
33,81,81,33.2,8.4,16.3,0.1,0.5,8.3,15.8,0.522,4.3,5.1,3.1,6.1,2.4,0.5,1.3,1.8,2.2,21.3,22.9,0.576,0.032,0.312,10.3,19.8,15.1,11.6,0.8,3.4,8.8,26.9,6.4,2.9,9.3,0.167,2.4,-0.6,1.8,2.6,17.0736071
24,72,72,32.8,10,17.3,0.7,2.8,9.3,14.5,0.599,6.9,9.5,2.2,10.3,5.9,1.3,1.5,3.7,3.2,27.7,30.9,0.644,0.163,0.55,7.3,30,19.3,30.3,1.8,3.9,14.8,32.3,8.9,5.5,14.4,0.292,6.3,4.1,10.4,7.4,17.0675386
25,80,80,33.4,6,10.1,0,0,6,10.1,0.595,1.8,3.7,4.9,4.6,1.6,1.5,1,1.7,2.6,13.9,18.5,0.591,0.002,0.361,14.7,14.8,14.7,6.6,2,2.4,12.6,16.4,5.1,4,9.1,0.163,0.7,0.4,1.1,2.1,17.0675386
34,79,72,30.8,4.9,11,1.3,3.5,3.7,7.6,0.505,2.4,3.2,1,6.9,4.4,1.1,1.1,2,2.7,13.6,16.7,0.546,0.314,0.291,3.6,25.1,14.3,22.2,1.7,3.2,13.6,20.7,2,4,6,0.118,0.8,2.3,3.1,3.1,17.05793493
30,75,72,31.4,3.4,7.5,1.5,4,1.8,3.5,0.553,1,1.2,0.9,4.3,3.3,0.9,0.6,1.6,1.9,9.3,11.9,0.581,0.53,0.158,3.2,14.9,8.9,14.5,1.5,1.6,16.3,13.2,2,1.7,3.7,0.076,-0.7,0.4,-0.3,1,17.05674327
30,25,3,19.8,2.7,7.3,1.2,3.8,1.6,3.5,0.453,0.9,1,0.2,2.6,1.7,0.8,0.2,1.3,1.8,7.5,8.5,0.484,0.516,0.137,0.9,15.2,7.9,13.4,1.9,1,14.2,20.3,-0.6,0.6,0,-0.004,-3.9,-0.5,-4.4,-0.3,17.03847844
26,77,77,32.9,5.6,13.3,2.3,5.7,3.3,7.6,0.504,3,3.6,0.7,3.9,1.5,0.6,0.2,1.3,1.6,16.4,12.8,0.55,0.429,0.271,2.4,12.7,7.5,6.7,0.9,0.4,7.9,20.9,2,1.6,3.6,0.068,-0.2,-1.2,-1.4,0.4,16.99970081
29,74,51,27.2,6.3,11.9,0.7,2.3,5.6,9.6,0.557,1.8,2.4,2.1,6,1.3,0.4,1.4,1.5,2.9,15,18.7,0.582,0.193,0.202,8.6,23.2,16.1,7.7,0.7,4.3,10.7,22.9,2.8,3.3,6.1,0.146,0.2,0.1,0.2,1.2,16.96274446
26,81,80,31.8,5.9,8.8,0,0,5.9,8.8,0.669,4.1,6.4,3.8,9,2,0.8,2.3,1.6,2.9,15.9,24.6,0.682,0,0.733,13.2,30.2,21.9,9.6,1.2,5.8,12.1,17.8,8.7,5.7,14.4,0.268,3,2.5,5.4,4.8,16.96145317
30,68,68,30.3,6,13,2.4,5.5,3.6,7.5,0.554,5.4,6,0.8,5.3,2.6,0.7,0.3,1.5,1.9,19.8,21,0.633,0.421,0.459,2.9,18.1,10.7,13.2,1.1,0.9,8.5,23.8,6.4,1.8,8.2,0.191,4.9,-0.5,4.3,3.3,16.93414868
26,36,36,31.9,6.9,16.3,2.1,6,4.9,10.3,0.486,2.9,3.9,0.6,5,5.2,1.7,0.3,2.3,2,18.8,17.6,0.519,0.367,0.24,2.1,17.1,9.8,25.2,2.6,0.9,11.2,27.9,0.4,1.9,2.3,0.097,1.8,1.2,2.9,1.4,16.860033
26,65,63,31.6,6,15.3,2.5,7.3,3.5,7.9,0.474,3.6,4.2,0.5,2.9,2.4,0.8,0.1,1.6,2.2,18.1,13.6,0.527,0.48,0.278,1.7,9.8,5.7,12.8,1.3,0.3,8.6,25.4,1,0.9,1.8,0.043,-0.1,-2,-2,0,16.81249839
26,64,64,28.6,5.9,11.7,1.6,3.8,4.3,7.9,0.575,2.2,2.4,1,3.5,3.2,0.7,0.2,1.4,1.6,15.6,17.8,0.614,0.326,0.203,3.8,11.7,8,16.2,1.2,0.6,10,20.7,4.2,2.3,6.5,0.171,2,0.1,2.2,1.9,16.81124283
24,79,14,22.7,3.3,8.4,1.5,4.3,1.8,4.2,0.477,0.9,1.2,0.4,3.5,2.9,0.9,0.3,0.9,1.3,9,12.9,0.501,0.506,0.14,1.9,16.4,9.1,17.7,1.8,1,8.8,18.6,0.9,2.3,3.2,0.086,-0.7,0.5,-0.2,0.8,16.80596578
23,78,78,33.8,6,13.4,1.6,4.4,4.5,9,0.507,2.4,3.2,1.7,5.7,3.7,0.7,0.7,2.1,2.2,16,15.1,0.538,0.332,0.242,5.2,18.4,11.7,16.6,1.1,1.8,12.3,21.8,1.8,3.3,5.1,0.093,0.3,0.3,0.6,1.7,16.80440128
23,63,62,34.5,8.4,18,1.9,5.1,6.5,12.9,0.52,5,6,0.6,4,4.5,1,0.4,3.4,2.2,23.7,18.7,0.574,0.283,0.33,2,12.9,7.4,22.6,1.3,1,14.2,30.5,1.7,1.1,2.8,0.062,2.4,-1.6,0.8,1.5,16.78592502
29,67,35,24.5,4.1,10.3,1.4,4.5,2.7,5.8,0.472,1.9,2.6,0.6,3.3,2.3,1.3,0.6,1.8,2.5,11.6,11.9,0.507,0.434,0.253,2.3,14.6,8.3,13.5,2.5,2.2,13.6,22,-0.7,1.4,0.7,0.021,-2.5,0.2,-2.3,-0.1,16.7740425
32,36,22,27.5,5,12,1.6,4.6,3.4,7.5,0.479,2.2,2.8,0.6,2.5,4.8,0.8,0.1,2,2.3,13.7,13.9,0.517,0.379,0.233,2.1,9.8,6,27.3,1.5,0.5,12.9,23.7,0.6,1,1.6,0.079,-0.5,-0.6,-1.1,0.2,16.77135269
30,42,41,30.1,4.2,9.9,0.8,2.5,3.4,7.4,0.465,2.9,3.6,0.4,2.1,8.2,1,0.4,2.3,2.1,12.1,15.4,0.528,0.252,0.368,1.3,7.7,4.5,37.6,1.6,1.2,16.7,19.3,1.7,0.5,2.2,0.085,0.8,-1.2,-0.4,0.5,16.75994954
30,73,2,22,2.8,6.1,0.2,0.7,2.6,5.4,0.473,1,1.5,0.5,4,3.9,0.5,0.2,1.6,1.5,6.8,11.6,0.504,0.117,0.239,2.5,18.9,10.9,23.6,1,0.9,18.9,15.9,0.5,1.5,2,0.06,-1.8,0.5,-1.3,0.3,16.73902455
28,66,66,31.3,2.8,6.4,0.7,2.5,2.1,3.9,0.501,1,1.4,0.9,6.4,6.9,1.4,1.1,2.6,3,7.4,12.9,0.526,0.391,0.216,3.2,20.8,12.4,26.8,2.2,2.8,26.8,13.1,1.1,3.2,4.3,0.1,-1.3,2.7,1.4,1.8,16.73539419
27,43,40,27.9,4.7,8.8,0,0,4.7,8.8,0.529,1.6,2.5,4,6.2,2,0.7,0.4,1.4,2.1,10.9,18.4,0.551,0,0.279,15.4,25.7,20.3,11.2,1.2,1.2,12.1,17.7,2.1,0.5,2.6,0.105,1.4,-1.9,-0.5,0.4,16.73539419
26,43,20,26.3,3.2,8.7,2.3,6,0.9,2.7,0.499,1,1.3,0.4,3.1,1.1,0.5,0.3,1.1,2.4,9.6,7.7,0.519,0.694,0.15,1.5,12.2,6.9,5.8,1,0.9,10.4,16.4,-0.2,1,0.8,0.035,-2.4,-0.4,-2.8,-0.2,16.73328129
24,73,49,30.6,7.8,14.9,0.9,2.7,6.9,12.2,0.555,4.9,6.7,2.2,6.5,3.1,0.7,0.6,2.8,3.4,21.4,21,0.6,0.179,0.447,7.6,21.6,14.7,15.8,1.1,1.6,13.8,27.8,4.2,1.9,6.1,0.131,2.1,-0.6,1.5,2,16.70588232
22,74,74,28.6,5.1,10.5,1,2.6,4.1,7.9,0.536,2,2.7,1.4,5.8,1.6,0.8,2.7,1.4,2.6,13.3,18,0.567,0.251,0.258,5.4,22,13.9,8,1.4,8.4,10.3,20,1.9,4.4,6.3,0.144,0,2.4,2.5,2.4,16.70588232
24,57,48,28.8,4.7,11.2,1.4,4.2,3.3,6.9,0.488,2,2.5,0.7,2.1,2.2,1,0.3,1.2,2,12.9,12.2,0.526,0.38,0.226,2.7,7.9,5.3,11,1.6,1,8.9,20,1.1,1.5,2.6,0.076,-1.2,-0.4,-1.6,0.2,16.69691366
27,76,70,23.2,4.8,8.1,0.2,1,4.6,7.1,0.6,2,3,2.7,4.6,1.2,0.7,1.4,1.1,2.1,11.8,21.8,0.624,0.126,0.368,12.9,21.3,17.2,8,1.5,4.8,10.5,19.4,4.4,3.5,7.9,0.215,1.8,1.5,3.3,2.4,16.68624634
35,68,13,23.2,2.2,4.4,0.7,2.1,1.5,2.3,0.579,0.6,1,0.7,3,3.2,0.9,0.8,0.8,1.4,5.7,13.1,0.587,0.477,0.222,3.4,13.2,8.5,16.8,1.8,2.7,13.6,10.4,2.4,1.8,4.2,0.129,0.1,1.7,1.8,1.5,16.65955823
26,81,81,31.5,5.8,13.2,1.9,5.6,3.9,7.6,0.509,1.7,2.1,0.5,2.7,3.6,0.9,0.1,1.9,2.8,15.1,12.3,0.536,0.421,0.159,1.6,9.4,5.4,17.6,1.4,0.4,11.9,22.1,0.8,2.5,3.2,0.061,-1.8,-0.6,-2.4,-0.3,16.65750873
26,54,32,14.5,1.6,2.9,0,0,1.6,2.9,0.571,1.1,1.7,1.5,3.1,0.6,0.2,0.8,0.6,1.9,4.4,14.4,0.602,0,0.583,11,23.3,17,5.9,0.7,4.6,14.8,12.7,1.2,0.8,2,0.125,-2.4,0,-2.5,-0.1,16.6487239
29,81,81,31.8,6.4,13,2,4.8,4.4,8.2,0.575,3,3.8,0.4,3.7,2,0.9,0,1.7,1.7,18,16.1,0.613,0.367,0.29,1.5,12.7,7.2,9.5,1.3,0,10.2,22.4,3.9,2.8,6.8,0.126,1.3,-0.6,0.7,1.7,16.6487239
29,76,2,13.6,2.5,5,0.3,0.7,2.2,4.2,0.527,1.2,1.4,1.1,3,0.9,0.6,0.5,0.8,1.8,6.4,18.1,0.572,0.149,0.281,8.3,24.1,16.1,10.3,2.2,3.4,11.9,19.6,1.5,1.3,2.8,0.132,-0.3,0.9,0.6,0.7,16.60232345
28,68,67,27.9,4.3,10.7,1.2,3.7,3.2,7,0.458,2.9,3.4,0.5,3.1,6.1,1.3,0.1,2.6,2.6,12.7,14,0.52,0.348,0.312,1.9,11.8,6.9,32.1,2.3,0.4,17.8,22.7,0.9,2.8,3.7,0.095,-1,0.8,-0.2,0.9,16.6005218
26,49,27,22.3,6.1,11,0.3,1,5.9,10,0.572,3,3.8,2.2,6.4,1.4,0.4,1.1,1.8,3,15.6,24.4,0.616,0.089,0.344,10.7,31.4,21.1,12,0.8,4.4,12.7,28.5,2.2,1.9,4.2,0.183,2.2,0.4,2.6,1.3,16.58809928
27,39,26,18.9,2.5,6.7,1.1,3.3,1.5,3.4,0.46,0.7,0.9,0.3,1.3,1.8,0.5,0.1,0.8,1.6,6.8,8.9,0.484,0.496,0.131,1.4,7.7,4.4,14.4,1.4,0.2,9.8,18.1,-0.1,0,0,-0.002,-3.5,-2,-5.4,-0.6,16.56558203
29,78,78,29.1,6,12.4,1.6,4.8,4.4,7.6,0.548,2.3,3,1.1,3.6,5.5,1.5,0.4,2.1,2,15.9,19.3,0.577,0.388,0.243,3.9,11.8,8.1,27.4,2.4,1.1,13.3,22.9,4.4,3.7,8.2,0.173,1.9,1.2,3.1,2.9,16.56438275
23,69,19,28,5.4,12.2,1.6,4.9,3.9,7.3,0.51,2.7,3.5,1,3.7,1.2,1.2,0.9,1.5,2.6,15.2,15.2,0.551,0.401,0.29,4,14.6,9.2,6.8,2.1,2.5,9.8,23.2,0.9,1.3,2.2,0.054,-0.3,-0.9,-1.2,0.4,16.56438275
25,79,14,29.3,5.8,14,1.6,4.6,4.2,9.4,0.47,2.4,2.9,0.5,3.1,4.1,0.8,0.2,2.2,2.4,15.5,12.7,0.508,0.33,0.206,1.6,11.3,6.3,20.4,1.3,0.4,12.5,24.2,0.4,2.4,2.9,0.06,-1.3,-0.7,-2,0,16.55635058
32,34,6,14.6,1.4,3.1,0.1,0.5,1.3,2.6,0.466,1.2,1.8,1.4,2.4,0.7,0.7,0.5,0.6,2.5,4.1,12,0.531,0.154,0.587,10.3,17.7,13.9,6.5,2.4,2.7,13.8,12.9,0.5,0.5,1,0.092,-3.5,0.6,-3,-0.1,16.55312286
31,55,33,21.2,3,6.9,0.9,2.7,2.1,4.2,0.499,0.9,1.3,0.4,2.8,2.5,0.6,0.5,1.3,2.1,7.8,10.9,0.522,0.393,0.185,2,14.1,8,17,1.5,2.1,15.3,17.8,0,1.5,1.5,0.062,-2.4,1.1,-1.2,0.2,16.54658694
23,50,28,26,5.6,12.6,1.5,3.8,4.1,8.7,0.504,1.5,1.9,2.2,5.9,1.4,0.7,0.4,1.5,2.9,14.2,16.1,0.529,0.304,0.154,9,24.9,16.8,8.8,1.3,1.3,9.9,24.6,0.5,1.1,1.6,0.06,-0.2,-2.3,-2.4,-0.1,16.52356076
29,75,53,27.9,5,11.3,1.9,5.2,3.1,6.1,0.533,1.9,2.3,1,5.1,1.5,0.6,0.3,1.2,2.4,13.9,14.2,0.568,0.461,0.205,3.9,19.5,11.7,7.5,1,1.1,9.1,20.9,2.1,2.5,4.5,0.104,-0.2,-0.7,-0.9,0.6,16.52356076
24,67,67,33.6,7.1,10.9,0,0,7.1,10.9,0.648,2.5,3.9,4.4,8.2,1.4,0.7,1.5,1.4,2.5,16.6,23.8,0.658,0,0.357,14.4,27.6,20.8,7.1,1,3.9,10,18.2,7.8,3,10.8,0.23,3.3,-0.3,3,2.8,16.51664033
31,80,80,27.7,3.7,7.9,2.5,5.4,1.2,2.4,0.622,0.5,0.6,0.8,3.2,1.6,0.9,0.7,0.9,2.1,10.3,13,0.632,0.69,0.07,3,12.2,7.7,7.7,1.6,2,10.4,14.1,3,2.9,5.9,0.128,1.1,0.8,2,2.2,16.49886812
32,69,51,26.7,5.4,10.8,1.1,2.7,4.4,8.1,0.554,1.7,2.1,0.9,5.9,2.6,0.8,0.5,1.7,2.3,13.7,17.5,0.583,0.247,0.197,3.8,23.9,13.9,14.7,1.4,1.6,12.3,22.1,2.2,2.2,4.4,0.115,0.8,0.6,1.4,1.6,16.48965921
26,49,47,25.4,3.9,7,0.1,0.4,3.8,6.6,0.559,2.3,2.9,2.2,4.6,2.1,0.8,0.8,1.3,3.3,10.1,17.2,0.611,0.064,0.409,9.4,19.7,14.5,12.1,1.5,2.9,13.2,16.3,2.6,1.2,3.9,0.15,-0.6,0.7,0.1,0.7,16.48772009
30,68,53,31.7,5.6,13.8,3.2,8.8,2.5,5,0.525,1.8,2.2,0.3,1.9,1.9,0.6,0.4,1.3,2.1,16.2,12.2,0.549,0.64,0.162,0.9,6.9,3.8,9.4,0.9,1.1,8.2,22,1.7,1,2.6,0.059,0.5,-1.8,-1.3,0.4,16.45868298
28,82,17,21.1,3.2,5.4,0,0.1,3.2,5.3,0.595,1.4,2.4,2,4.4,3,0.8,0.9,1.5,3.1,7.8,17.8,0.602,0.023,0.448,10.3,22.5,16.4,19.5,1.9,3.9,19.2,16.2,2.9,2.9,5.8,0.16,-0.5,2.6,2.1,1.8,16.45749902
34,47,43,16,2.1,4,0,0,2.1,4,0.532,0.7,1,1.4,4.1,1.4,0.1,0.5,1.1,2,5,12.8,0.562,0,0.258,9.8,26.5,18.4,12,0.4,2.5,19.4,14.4,0.6,0.8,1.4,0.089,-1.7,0.4,-1.3,0.1,16.42301957
34,76,63,31.3,5.9,13.5,3.2,8,2.8,5.6,0.557,3,3.4,0.3,2.2,2.7,0.4,0.2,1.3,1.7,18.1,15.1,0.602,0.589,0.248,0.9,7.2,4.1,12.9,0.6,0.6,8.1,21.9,4.6,1.2,5.9,0.118,2.2,-2,0.2,1.3,16.41718491
26,81,0,27.3,6.5,14.6,1.8,5.5,4.8,9.1,0.509,2,2.4,1,2.3,2.4,0.7,0.2,1.7,1.4,16.8,16.8,0.539,0.377,0.163,3.9,9.9,6.8,15.6,1.3,0.5,9.6,27.6,1.9,-0.1,1.8,0.039,2.1,-2.6,-0.5,0.8,16.41355986
29,64,52,25.1,4,8.2,1.3,3.4,2.8,4.8,0.571,1.4,1.8,1.6,5.9,1.4,1.1,1.1,1.3,3.3,10.8,16,0.602,0.413,0.215,6.7,25,15.7,8.1,2,3.8,12.7,16.7,2.1,1.9,4,0.119,-0.3,0.8,0.5,1,16.4057777
24,72,72,27.4,5.8,11.5,0,0.4,5.8,11.1,0.51,3.9,5.1,3.4,7,3.2,1,1.4,2.3,3.5,15.6,23.4,0.57,0.035,0.442,13.4,26.7,20.2,17.9,1.7,4.2,14.6,24.7,4.4,3.3,7.8,0.189,2.1,1.7,3.7,2.8,16.39002937
22,66,52,29.7,4.9,11.3,1.5,3.9,3.5,7.5,0.497,1.3,2.1,1,4.4,4.3,1.1,0.3,2.2,2.7,12.6,12.8,0.513,0.342,0.183,3.4,15.9,9.6,21.9,1.8,0.9,14.9,20.8,0.2,2.6,2.8,0.067,-1.3,0.7,-0.6,0.7,16.38045992
30,81,81,30.7,5.5,10.4,0.6,1.8,4.8,8.6,0.557,1.1,1.7,2.4,4.1,2.5,1.5,0.4,1.5,2.4,12.6,16.2,0.569,0.174,0.161,8.7,14.4,11.7,12,2.4,1.3,12,18,3,3.9,6.9,0.133,0.4,1.1,1.5,2.2,16.37273787
28,43,38,27.7,4.3,10.7,1.6,4.6,2.7,6.1,0.475,1.3,1.7,0.7,3.9,2.9,0.4,0.5,1.5,1.9,11.5,11,0.501,0.426,0.161,2.9,15.3,9.1,14.6,0.7,1.6,11.7,20,0.1,1.1,1.2,0.049,-1.1,-0.8,-1.8,0,16.36314049
33,34,6,12.6,1.6,3.8,0.5,1.6,1.1,2.2,0.473,0.4,0.6,0.3,1.3,1.1,0.6,0.1,0.4,0.9,4,10.3,0.492,0.426,0.163,2.2,11.2,6.7,12.8,2.4,0.6,9.2,15.3,0.1,0.4,0.4,0.05,-3.4,0.8,-2.5,-0.1,16.36179997
27,44,15,20,1.5,4,0.7,2.3,0.8,1.8,0.472,0.5,0.7,0.8,2.3,1.3,0.5,0.2,0.7,1.8,4.3,6.8,0.497,0.567,0.18,4.1,11.5,7.8,7.6,1.2,0.9,13.9,10.4,0.1,0.4,0.5,0.029,-3.1,-0.4,-3.6,-0.3,16.3617303
26,67,30,26.8,3.7,7.1,0.5,1.5,3.2,5.7,0.554,1.4,2,2.5,5.7,3.2,1.5,0.6,1.4,2.9,9.4,18.6,0.583,0.205,0.28,10,24.9,17.1,17.8,2.8,1.9,15.3,15.5,3.3,1.6,4.9,0.131,1,1.4,2.4,2,16.35925773
27,79,36,22.9,3.3,7.1,1.4,4,1.9,3.1,0.563,1.9,2.3,0.9,3.8,1.8,0.7,0.5,1.4,2.3,10,14.4,0.61,0.566,0.328,4.2,17.8,11,11.4,1.4,1.8,15,18,2.3,2.5,4.7,0.126,-0.2,0.9,0.7,1.2,16.35458061
24,80,60,27.5,3,7.1,1.6,4.3,1.4,2.8,0.533,1.3,1.6,0.7,2.2,4,1.8,0.4,1.5,2.5,8.9,13.1,0.568,0.61,0.228,2.8,8.6,5.7,19.1,3.1,1.1,16.5,14.6,2.2,3.1,5.3,0.116,-1.2,2,0.8,1.5,16.34551572
30,18,0,9.6,1.8,2.7,0,0,1.8,2.7,0.667,0.9,1.7,0.9,1.3,0.9,0.3,0.2,0.6,0.8,4.4,18.9,0.654,0,0.625,9.5,14.3,11.8,14.7,1.6,2,14,16.7,0.4,0.1,0.5,0.145,1.6,0,1.6,0.2,16.3412392
27,46,25,27.1,5.2,11.8,2.5,6.9,2.7,4.9,0.546,2.3,2.7,1.3,6.1,1.2,0.7,0.7,1,2.3,15.2,17.2,0.584,0.587,0.229,5.1,22.6,14,6.2,1.2,2.2,7.4,21.4,2,1.4,3.5,0.133,2.1,-0.6,1.5,1.1,16.3412392
27,81,0,26.5,5.4,12.7,2.7,7,2.8,5.7,0.534,1.6,1.8,0.3,3.1,1.7,0.9,0.4,1.1,1.5,15.1,15.4,0.561,0.551,0.14,1.3,12.8,7,9.9,1.6,1.1,7.6,23.9,1.7,2.6,4.3,0.095,1.1,-0.3,0.8,1.5,16.3412392
30,82,1,23.3,3.4,8.1,1.9,4.9,1.5,3.2,0.545,1.1,1.3,0.3,1.9,3,0.6,0.1,1.1,1.6,9.9,13.2,0.572,0.609,0.155,1.4,8.9,5.2,17.6,1.3,0.4,11.6,18.5,2.2,1.2,3.5,0.087,0.4,-0.8,-0.3,0.8,16.33550849
29,69,18,20.3,3.7,9.6,1.1,3.1,2.6,6.4,0.448,1.7,2.3,0.5,2.4,2.4,0.8,0.3,1.7,1.7,10.2,11.5,0.483,0.327,0.242,2.7,13,7.9,17.5,2,1.1,13.9,26.4,-1.7,2,0.3,0.01,-2.4,-0.3,-2.7,-0.2,16.33320703
30,78,49,27.4,2.5,6.1,1.4,3.6,1.1,2.5,0.524,1.2,1.6,1,4,3.8,0.9,0.6,1.1,3.4,7.6,11.8,0.561,0.591,0.258,3.9,15,9.6,18.4,1.5,1.6,13.8,12.2,2.8,2,4.8,0.108,-0.3,1.2,0.9,1.5,16.32881676
33,69,69,34,4.3,10.7,2.1,6.3,2.2,4.4,0.498,1.9,2.4,0.7,4.7,3.7,1.3,0.3,1.5,1.9,12.5,12,0.534,0.59,0.223,2.3,15.2,8.6,14.8,1.8,0.7,11.6,16.6,1.3,1.2,2.5,0.052,-0.7,-0.6,-1.3,0.4,16.31654659
30,81,81,28.7,4.4,9.7,2.3,6.3,2.1,3.4,0.571,1.4,1.6,0.4,4.5,1.2,0.6,2.2,1,2.3,12.5,14.6,0.597,0.651,0.169,1.5,15,8.7,5.7,1,6.5,8.9,16.7,2.3,4.3,6.7,0.138,0.4,1.8,2.2,2.4,16.30813923
27,82,9,25.2,2.8,6.7,0.7,2.1,2.1,4.6,0.463,0.4,0.5,0.5,2.9,3.9,1.1,0.3,1,1.6,6.5,11,0.474,0.312,0.078,2.1,12.6,7.5,20.7,2.2,0.9,12.4,13.7,0.5,2.9,3.5,0.081,-2.1,1.7,-0.4,0.9,16.30041721
31,82,82,31.3,4.4,9.8,2.3,5.9,2.1,3.9,0.565,1.1,1.5,0.4,3.6,5.7,1.2,0.2,2.4,2.2,12.1,13.4,0.581,0.602,0.153,1.5,12.2,7,26.1,1.8,0.6,18.4,17.5,2.5,3.6,6,0.113,0.3,1.1,1.4,2.2,16.29662218
27,74,12,17.6,2.2,4.9,1.1,2.8,1.1,2.1,0.564,0.5,0.6,0.4,1.7,0.9,0.4,0.2,0.3,1.2,6,10.7,0.585,0.565,0.116,2.4,9.4,6.1,6.7,0.9,1.2,5.7,12.9,1.6,1.6,3.2,0.117,-1,0.3,-0.7,0.4,16.24849714
28,35,35,34.4,4.5,10.3,2.4,6.4,2,3.9,0.548,1.9,2.5,0.8,4.7,1.3,2.1,1.3,1.3,3.6,13.3,13.3,0.58,0.622,0.246,2.5,14.6,8.5,5.2,2.9,3.2,10.5,15.6,0.9,1.6,2.5,0.1,-0.5,2.1,1.6,1.1,16.24042115
26,61,2,14.4,2.2,4,0.8,1.8,1.3,2.1,0.649,0.7,0.8,0.8,3,1.2,0.2,0.1,0.7,1.7,5.9,15.8,0.675,0.459,0.211,6.1,21.8,14.2,11.8,0.7,0.8,14,14.8,2.1,0.9,3,0.164,1.5,0.3,1.8,0.8,16.2391193
25,60,53,23.6,3.2,6.5,0.6,2,2.6,4.5,0.53,0.8,1.2,1.3,3.2,1.2,1.1,0.9,0.8,2.7,7.7,13.2,0.547,0.309,0.188,5.9,14.1,10.1,7.1,2.3,3,9.7,13.9,1.5,1.9,3.4,0.114,-1,1.7,0.7,1,16.21442658
25,43,36,31.6,6.9,14.2,1.8,4.2,5.1,10,0.549,2.3,2.9,0.7,3.3,1.5,1.2,0.7,1.2,2.8,18,16.3,0.58,0.295,0.203,2.5,11.8,7.1,7.7,1.8,1.8,7.2,22.7,1.6,0.5,2.1,0.074,0.9,-1.1,-0.2,0.6,16.19598219
25,68,4,28.1,5.4,12.2,1.8,5.4,3.6,6.7,0.517,4.2,5.2,0.4,2.1,4.6,0.6,0.3,2.2,2.8,16.8,16.3,0.58,0.447,0.43,1.4,7.6,4.6,25.6,1,0.7,13.4,24.9,3.5,1.4,4.8,0.121,1.4,-0.8,0.6,1.3,16.17689272
26,79,55,28.5,5.5,12.4,1.5,4.2,4,8.2,0.499,2.9,3.3,0.8,4.7,2.2,1.1,0.4,1,1.8,15.3,17.3,0.552,0.337,0.266,3.1,18.1,10.4,11.9,1.9,1.2,6.8,22.5,3.3,2,5.3,0.113,1.2,0,1.2,1.8,16.16688582
27,77,22,21.6,3.8,6.3,0.5,1.6,3.3,4.7,0.637,2.5,3.3,1.8,3.5,1.5,0.6,0.6,0.9,2.6,10.6,20.4,0.682,0.261,0.523,9.1,17.3,13.2,10.7,1.3,2.6,10.1,17.2,5.6,1.9,7.5,0.215,2,0.9,2.9,2.1,16.14370248
25,73,73,34.8,5.8,14.1,2.2,6.3,3.5,7.8,0.492,2.7,3.2,0.7,2.9,4.1,1.1,0.5,1.5,2.7,16.6,14,0.536,0.448,0.225,2.3,8.8,5.5,17.9,1.5,1.2,9.1,20.9,3,2.6,5.6,0.106,0.1,0.2,0.3,1.5,16.12968582
25,60,3,18.8,3.2,6.7,1.1,2.8,2.1,3.8,0.568,1,1.3,0.3,2.1,1.5,0.7,0.2,1.1,1.6,8.6,13.3,0.596,0.425,0.188,1.6,11.5,6.7,11.6,1.7,1,13.1,19,1,1.4,2.4,0.102,-0.9,0.2,-0.7,0.4,16.12968582
31,76,76,28.2,4.1,8.7,1,2.6,3,6.1,0.527,2.1,2.5,0.5,2.6,6,1.4,0.1,1.6,1.8,11.2,16.7,0.574,0.294,0.288,1.9,9.9,6,29.9,2.5,0.4,14.4,17.7,3.9,2.9,6.8,0.153,0.8,1,1.8,2.1,16.11809565
27,80,54,27.1,3.2,6.6,0.8,2,2.4,4.6,0.545,1.6,2,1,2.5,5,1,0.2,1.5,2.2,8.9,14.1,0.59,0.306,0.302,4,10,7,24.6,1.8,0.5,16.7,14.1,3.8,0.9,4.7,0.104,-0.4,-0.3,-0.7,0.7,16.11809565
30,69,69,29.7,4.1,6.5,0,0,4.1,6.5,0.641,2.7,3.8,3.3,9.8,2.3,0.6,1.1,2.2,2.4,11,19,0.674,0,0.592,11.7,35.2,23.5,11.6,1,3,21.4,15,4,3.1,7.1,0.167,0.8,1.3,2.1,2.1,16.1061848
20,19,15,22.5,3.4,8.2,0.2,0.7,3.2,7.4,0.432,1.1,1.9,1.4,2.3,3.1,0.9,0.3,1.3,2.7,8.2,10.5,0.452,0.09,0.239,6.6,10.6,8.7,19.5,1.9,0.9,12.7,19.3,-0.1,0.4,0.3,0.035,-3.3,0.2,-3.1,-0.1,16.09228541
28,14,0,13.4,2.2,4.8,0.8,2.2,1.4,2.6,0.545,0.4,0.7,1.1,3.9,1,0.5,0.8,0.9,1.1,5.6,17.1,0.553,0.463,0.149,9.2,28,19.2,10.1,1.7,4.9,14.4,18.6,0.1,0.4,0.6,0.146,0.4,2.1,2.5,0.2,16.09097067
28,48,0,16.9,2,5,0.9,2.7,1.1,2.3,0.496,0.9,1.1,0.1,1.5,3.8,0.3,0,1.4,1.6,5.9,11.1,0.532,0.537,0.215,0.8,9.9,5.2,31.9,0.8,0.2,20.4,17.9,0.5,0,0.5,0.028,-1.7,-2.8,-4.4,-0.5,16.0780546
23,42,1,15.8,2.4,5.7,0.4,1.5,2,4.3,0.456,1.6,2,0.4,1.2,2.6,0.3,0.1,1.2,1.6,6.9,11.2,0.516,0.257,0.357,2.7,8.3,5.5,24.1,1,0.6,15.7,21.3,0.2,0.7,1,0.069,-2,-0.1,-2.1,0,16.07727366
20,71,70,30.7,7.2,12.3,0,0.1,7.2,12.2,0.585,2,2.7,3.1,7.1,1.8,0.9,0.9,1.8,2.9,16.3,20.5,0.608,0.005,0.217,11.1,26.1,18.5,9.6,1.3,2.6,11.7,21.2,4.1,1.7,5.8,0.128,1.3,-1.1,0.2,1.2,16.07340368
26,75,13,22.7,3.2,7.4,0.7,2.2,2.6,5.2,0.478,1.6,2,0.9,2.6,3.3,1.2,0.4,1,1.4,8.7,15.5,0.523,0.301,0.269,4.4,12.8,8.6,21.6,2.5,1.6,11,18.1,1.9,2.4,4.3,0.121,0.1,1.4,1.5,1.5,16.06402841
24,64,28,27.5,3.8,9.4,1.8,4.6,2.1,4.8,0.503,1.5,1.8,0.3,2.3,4.8,0.9,0.3,1.3,1.7,11,13.7,0.539,0.493,0.192,1.3,8.7,5.1,23.9,1.6,0.9,11.2,17.9,2.4,1.9,4.3,0.117,0.4,0.1,0.5,1.1,16.05047537
24,80,77,32.7,5.1,10.3,1.4,3.7,3.7,6.6,0.567,2,2.8,1.2,4,1,0.8,1.3,0.8,2.7,13.6,13.8,0.592,0.356,0.269,3.7,13.1,8.2,4.2,1.1,3.2,6.8,15.4,4,3.3,7.3,0.134,-0.4,0.6,0.2,1.5,16.05047537
28,81,81,28.3,3.2,7.3,1.2,3.5,2,3.9,0.514,1.9,2.1,1.4,6.1,1.3,0.8,0.4,0.9,1.8,9.4,13.2,0.568,0.472,0.292,5.3,22.6,14.2,6,1.4,1.2,9.7,13.7,3,2.8,5.8,0.121,0.1,0.6,0.7,1.5,16.0409986
22,68,23,22.9,2.7,6.6,0.6,1.9,2.1,4.7,0.46,0.9,1,0.3,1.6,4.8,1.2,0.1,0.7,1.1,6.9,13.7,0.491,0.283,0.155,1.6,7.7,4.6,28.3,2.5,0.3,9,14.1,2.1,0.9,3,0.091,-0.9,0.3,-0.6,0.6,16.0409986
32,60,13,21.7,2.8,6.3,0.8,2.6,2,3.7,0.516,1.2,1.4,0.7,1.8,2.3,0.9,0.1,0.9,1.7,7.6,12.1,0.554,0.407,0.226,3.2,8.3,5.9,14,1.9,0.5,11,15.1,1.5,1.3,2.8,0.103,-1.9,0.5,-1.4,0.2,16.02750409
25,43,40,29.8,3.5,6.4,0.2,0.8,3.3,5.6,0.56,0.9,1.5,1.1,4.7,3,1.3,0.9,1.3,2.6,8,12.8,0.569,0.123,0.232,4.1,18.1,11,15,2.1,2.7,16,12.6,0.8,1.8,2.7,0.1,-1.6,2.4,0.8,0.9,16.02081904
33,70,57,24.1,4.3,7.7,0.2,0.5,4.2,7.2,0.576,1.9,2.5,2.5,4.1,1.2,0.8,0.6,1,2.7,10.8,17.8,0.612,0.063,0.33,10.8,18.3,14.5,7.3,1.5,2,10.6,17.2,3.7,1.4,5.1,0.144,0.3,-0.4,-0.1,0.8,16.01273514
21,47,45,30.3,3.9,9.7,1.6,4.9,2.3,4.9,0.488,0.4,1,1.1,4.2,5.4,1.5,0.4,2.2,2.4,9.9,11.7,0.487,0.5,0.105,4,14,9.1,23.8,2.3,1.1,17.8,16.9,-0.2,1.7,1.6,0.052,-1.6,1.3,-0.3,0.6,15.98105181
29,53,36,27.6,4.8,10,1.4,3.3,3.4,6.7,0.553,0.8,1.1,0.7,1.7,1.9,0.8,0.2,1.1,2.1,11.9,11.5,0.567,0.331,0.111,2.5,6.4,4.5,9.5,1.3,0.4,9.6,17.3,1.2,0.5,1.7,0.055,-1.2,-1.1,-2.3,-0.1,15.97479417
19,62,4,25.3,5.7,11.4,0.5,1.5,5.3,9.8,0.525,2.9,4.2,2.6,5,1,0.5,1,1.6,1.9,14.9,18.9,0.562,0.136,0.371,10.4,20.8,15.5,5.9,1,3.2,10.7,24.2,2,1.6,3.6,0.11,0.5,-1.5,-1,0.4,15.96215737
26,70,17,27.8,5.2,12.3,1.9,5.3,3.2,7,0.496,1.9,2.3,0.6,2.9,3.8,1,0.2,1.7,2,14.1,14.1,0.53,0.431,0.188,2.1,11,6.4,19.3,1.7,0.7,11.1,22.3,1.3,1.4,2.7,0.067,-0.1,-0.6,-0.6,0.7,15.95902794
33,82,82,34.2,2.5,6.4,1.8,4.7,0.7,1.7,0.535,0.5,0.7,1.5,4.4,1.2,1.6,0.5,0.8,3.1,7.3,9.2,0.547,0.74,0.113,4.7,14.4,9.5,4.6,2.3,1.2,10.3,9.5,2,3,5,0.086,-1.6,1,-0.6,1,15.937657
31,53,1,16.2,2.1,5.9,1.3,3.8,0.8,2,0.468,0.9,1.1,0.2,1.5,0.7,0.5,0.3,0.6,1.5,6.4,9,0.504,0.653,0.186,1.7,10.3,6.1,6,1.5,1.5,8.2,18.6,-0.2,0.9,0.7,0.041,-2.4,-0.5,-2.9,-0.2,15.93577405
26,60,0,12.4,1.6,3,0,0.1,1.6,2.9,0.531,0.8,1.2,1.3,2.3,0.6,0.2,0.1,0.6,1.2,4,13.4,0.568,0.022,0.408,11.4,20.5,15.9,7.2,0.7,0.8,13.5,14.3,0.9,0.4,1.4,0.088,-2,-2.1,-4.1,-0.4,15.91432571
22,79,79,34.2,6.8,12.2,0,0.1,6.8,12.1,0.563,3.3,5.4,2.2,6.6,7.7,1.4,0.8,3.5,2.6,16.9,20,0.582,0.006,0.446,6.9,20,13.7,34.2,2,1.8,19.3,22.1,4.6,3.6,8.2,0.146,2.2,1.3,3.6,3.8,15.9090929
25,82,23,24.8,4,9.2,1.8,5.3,2.1,3.9,0.53,1.7,1.9,0.6,2.3,1.3,0.9,0.2,0.8,1.7,11.4,12.9,0.568,0.575,0.209,2.5,9.4,6,7.5,1.7,0.5,7.3,18.1,2.3,1.8,4,0.095,-0.3,-0.1,-0.5,0.8,15.90605053
24,42,42,29.8,4.3,9.8,0.8,2.5,3.5,7.3,0.475,1.3,1.8,1.2,4.1,7.6,1,0.4,2.7,1.9,10.6,14,0.502,0.255,0.18,4.1,14,9.1,33.5,1.6,1.1,20.1,18.3,0.6,0.9,1.5,0.058,-0.7,-0.7,-1.4,0.2,15.8949521
32,75,1,26.6,6.5,15.2,1.4,3.9,5.1,11.3,0.471,5.7,6.5,0.5,2.4,5.4,0.8,0.1,2.4,1.1,20,21.2,0.554,0.256,0.426,2.2,9.4,5.9,33,1.3,0.4,11.8,32.4,3.9,1.2,5.1,0.123,4.3,-2.1,2.2,2.1,15.8949521
27,71,18,21.2,2.5,5.4,1.1,3.1,1.4,2.4,0.553,0.8,1,1.3,3.4,1,0.5,1.1,0.8,2,6.8,13.1,0.579,0.565,0.192,6.5,16.9,11.7,6.8,1.2,4.4,11.4,13.5,1.6,1.8,3.5,0.111,-0.8,1.2,0.4,0.9,15.8949521
21,72,53,20.8,4.3,7,0.5,1.4,3.8,5.6,0.648,1.5,1.9,1.6,4.7,1.3,0.3,0.9,0.8,1.8,10.5,21,0.674,0.197,0.273,8.1,25.1,16.5,9.3,0.8,3.8,9.6,17.6,4.3,1.3,5.6,0.178,2.3,-0.3,2,1.5,15.8949521
31,53,38,24.5,3.5,8.6,2.6,7,0.9,1.6,0.554,0.7,0.9,0.3,1.8,1.4,1,0.1,0.8,1.7,10.3,11.8,0.569,0.814,0.107,1.1,7.9,4.5,8.3,2,0.4,7.7,17.2,1.3,1.4,2.6,0.097,-0.3,0.3,0,0.7,15.8949521
20,79,79,31.1,5.9,13.1,1.5,3.9,4.4,9.2,0.506,2.5,2.9,0.9,5.2,2.1,1.1,0.7,1.5,2.1,15.7,15.1,0.547,0.3,0.22,3,17.7,10.4,10,1.6,2.1,9.7,22.1,1.6,3.4,5,0.097,-0.4,0.2,-0.2,1.1,15.87347307
28,80,11,27.1,4,10,2.2,6.5,1.8,3.4,0.508,1.8,2.5,0.8,4.1,1.7,0.8,0.4,1.1,2.1,11.9,12.1,0.538,0.655,0.247,3.1,15.9,9.6,8.9,1.4,1.1,8.8,19.1,1.3,3.1,4.4,0.097,-0.3,0.6,0.3,1.2,15.87162372
19,72,72,32.2,7,16.5,2.3,7.1,4.7,9.3,0.497,4.8,6.7,1.2,6.6,6,1.1,0.3,3.4,1.9,21.2,19.6,0.545,0.433,0.409,4,21.9,13,31.6,1.6,0.9,15,30.5,2.1,2.8,4.9,0.101,3.6,0.3,3.9,3.4,15.85456751
27,76,76,30.2,4.9,9.8,2.4,5.1,2.5,4.8,0.622,1.4,1.8,0.7,3.1,2.4,0.5,0.2,1.6,2.4,13.7,13.5,0.645,0.516,0.178,2.4,10.9,6.7,11.9,0.8,0.6,13,17,3.8,1.7,5.5,0.116,0.8,-0.3,0.5,1.4,15.85239253
28,74,2,18.9,2.9,6.3,1.5,3.4,1.3,2.9,0.577,0.6,0.7,0.4,1.3,0.9,0.5,0.2,0.8,1.3,7.9,11.4,0.595,0.54,0.112,2.1,6.9,4.6,6.5,1.2,0.7,11.1,16.6,1.5,0.9,2.4,0.082,-0.4,-0.7,-1,0.3,15.82525094
27,77,1,17.4,2.7,5.5,1.1,2.7,1.6,2.8,0.59,0.9,1,0.2,1.2,0.9,0.2,0.1,0.5,1.4,7.3,11.6,0.617,0.488,0.187,1.4,7.5,4.5,7.1,0.7,0.5,8.4,16.3,1.8,1.1,2.9,0.103,-0.5,-0.9,-1.4,0.2,15.80794068
27,80,4,21.8,2.9,7.3,1.7,4.8,1.2,2.6,0.503,1,1.2,0.6,1.5,1.1,0.5,0.1,0.3,1.7,8.4,10.7,0.534,0.647,0.164,3,7.9,5.4,7.3,1,0.4,3.7,16.1,2.1,1.3,3.4,0.094,-0.9,-0.6,-1.5,0.2,15.80794068
30,51,13,27.3,7.1,14.8,1.1,2.9,6.1,11.9,0.518,2.7,3.1,0.6,2.1,4.3,0.6,0.2,1.6,1.1,18,19.5,0.557,0.194,0.212,2.5,8.3,5.4,26.4,1.1,0.7,9.1,27.3,2.6,0.3,3,0.102,3.2,-1.7,1.4,1.2,15.80572094
21,52,52,33.8,7,14,0.6,1.8,6.4,12.2,0.518,3.8,5.6,0.8,4.3,3,0.5,0.6,2.5,2.9,18.3,13.4,0.555,0.129,0.396,2.5,13,7.8,12.9,0.7,1.4,13.1,23.2,0.6,1.4,2,0.055,-1.3,-0.7,-2,0,15.79864561
31,81,81,28,3.9,8.4,1.6,3.8,2.3,4.5,0.566,2.2,2.6,0.5,2,5.3,0.6,0,1.6,1.4,11.7,15.7,0.616,0.459,0.309,1.9,7.8,4.8,26.9,1.1,0.1,14.3,17.2,5,1.9,6.9,0.146,1.1,-0.7,0.5,1.4,15.79651203
30,46,17,17,1.7,4.3,0.5,1.7,1.2,2.6,0.452,0.6,0.8,0.5,2.1,0.6,0.4,0.2,0.5,1.8,4.5,6.4,0.482,0.401,0.183,2.7,13.1,7.8,5,1,0.8,10.1,12.9,-0.3,0.3,0.1,0.004,-4.8,-0.9,-5.7,-0.7,15.77836912
21,79,29,25.2,4.4,10.6,0.9,2.8,3.5,7.8,0.456,1.8,2.7,0.8,3.6,2.3,0.9,0.7,2.2,2.6,11.5,10.6,0.487,0.268,0.253,3.6,15.9,9.7,14.1,1.8,2.3,15.6,23.9,-2.8,1.1,-1.7,-0.04,-3.3,-1.2,-4.6,-1.3,15.76988195
28,69,15,25.5,2.7,7,1.9,5.3,0.8,1.7,0.528,0.8,1,0.2,1.7,2.1,0.6,0.3,0.9,2.4,8.2,8.4,0.55,0.752,0.147,0.8,6.6,3.8,10.4,1.1,1.1,10.3,13.4,1.1,0.6,1.6,0.045,-2.1,-0.8,-2.9,-0.4,15.76142071
26,76,12,21.5,2.7,6,1.9,4.4,0.8,1.5,0.61,0.7,0.8,0.3,3.2,1.3,0.5,0.4,0.6,1.8,8,13,0.632,0.746,0.132,1.6,16,8.8,8.2,1,1.7,8.2,14.1,2.6,1.5,4,0.118,1.1,0.2,1.3,1.4,15.76142071
31,67,7,18.4,2.5,5.7,0.9,2.4,1.6,3.3,0.514,0.9,1.1,1.4,3.1,0.8,0.5,0.3,0.7,2.6,6.8,11.6,0.548,0.42,0.194,8.2,16.2,12.5,5.5,1.2,1.4,10.4,15.7,1.2,1.9,3,0.119,-2.4,0.1,-2.3,-0.1,15.76142071
19,58,56,26.1,5.1,10.2,0.9,2.4,4.3,7.7,0.549,2.6,3.4,1.3,3.4,1.1,0.9,1.4,1.7,3.8,13.8,16.4,0.591,0.241,0.334,5.3,15,10.1,7.2,1.7,5.1,12.7,22.8,1.2,2.2,3.3,0.105,-1.2,1,-0.3,0.7,15.75100667
30,77,70,23.2,3.7,7.7,1.3,3.3,2.4,4.4,0.566,0.9,1.2,1.6,4.1,1.9,0.7,0.7,1.1,2.6,9.6,15.4,0.585,0.433,0.155,7,18.8,12.8,11.1,1.4,2.7,11.5,16.5,2.7,1.9,4.5,0.122,0.4,0.5,0.9,1.3,15.7361029
22,74,25,25.9,5,10.7,1.3,3.7,3.7,7,0.525,1.8,2.7,0.9,3.4,1.4,0.9,0.4,1.3,2.5,13,13.5,0.547,0.348,0.255,3.6,13.9,8.7,7.7,1.7,1.5,10.1,22.1,0.7,2.4,3,0.076,-1.6,-0.4,-2.1,0,15.69265674
23,64,17,26.9,5.8,11.7,1,3,4.8,8.7,0.533,2,2.9,1.2,5.3,2.4,0.7,0.5,2.4,2.3,14.5,15.5,0.56,0.26,0.246,4.9,21.8,13.3,14.1,1.3,1.5,15.4,24.6,0.1,1.3,1.4,0.039,-0.7,-0.9,-1.5,0.2,15.68731273
21,59,37,17.6,3.6,6.4,0,0,3.6,6.4,0.559,1.7,2.1,1.9,4.2,1.1,0.2,0.9,1.2,2.3,8.9,18.9,0.604,0,0.332,11.9,24.2,18.2,9.1,0.6,4,13.9,20.3,1.9,1.3,3.2,0.148,-0.2,-0.2,-0.5,0.4,15.68445975
21,81,81,31.4,6.2,13.6,1.1,2.9,5.2,10.7,0.497,3.7,5.1,0.5,3.2,7.3,1.6,0.6,2.8,2.5,17.3,18.1,0.544,0.211,0.378,1.7,10.8,6.2,33.2,2.4,1.5,15,24.5,3.2,2.5,5.6,0.106,1.3,0.2,1.5,2.3,15.67067666
31,15,0,10,1.1,2.7,0.7,1.8,0.5,0.9,0.55,0.3,0.5,0.2,0.9,2.1,0.2,0.1,1.4,1.8,3.2,6.5,0.557,0.675,0.175,2.2,8.9,5.7,28.8,0.9,0.5,32.8,18,-0.1,0.1,-0.1,-0.019,-3.8,-1.7,-5.4,-0.1,15.65606019
20,81,81,30.9,6.5,15.5,1.9,6,4.6,9.6,0.48,4.2,5.1,0.8,2.9,8.1,0.9,0.2,3.8,1.7,19.1,17,0.539,0.384,0.33,2.6,10.2,6.3,40.5,1.3,0.5,17.6,28.4,2.5,0.7,3.3,0.062,2.3,-2.8,-0.6,0.9,15.65176527
31,38,13,14.1,1.2,3.4,0.7,2,0.5,1.4,0.449,0.3,0.5,0.3,1.6,0.6,0.4,0.3,0.5,1.7,3.4,5.5,0.469,0.594,0.148,2.4,11.7,7.1,5.3,1.2,1.9,11.7,12,-0.3,0.3,0,0.001,-4.3,-0.5,-4.8,-0.4,15.62944239
30,56,0,22.3,3.7,8.7,0.8,2.4,2.9,6.3,0.464,0.8,1.1,0.4,2.2,3.6,0.5,0.2,1.1,1.9,8.9,11.8,0.485,0.276,0.127,1.9,11.1,6.3,25.4,1.1,0.7,10.6,19.9,0.5,1.1,1.7,0.064,-1.6,-0.3,-2,0,15.60727003
25,82,5,26.3,6.7,10.8,0,0.2,6.6,10.6,0.617,3.2,5,2.2,4.3,2,0.9,1.3,1.6,3.1,16.6,23.4,0.636,0.019,0.466,9.3,16.7,13.1,12.5,1.6,4,11,23.5,6.1,2.6,8.7,0.193,2.6,0.7,3.3,2.9,15.60727003
32,79,1,23,3.6,8.7,1.9,5,1.7,3.7,0.52,1.4,1.6,0.2,2.3,1.7,0.4,0.1,0.9,1.5,10.5,11.9,0.557,0.572,0.18,1,10.8,5.9,10.1,0.9,0.4,8.8,19.8,1.4,1.1,2.5,0.065,-0.5,-1.2,-1.7,0.1,15.58129457
21,75,64,26.6,3.5,8.1,1.1,3.5,2.3,4.6,0.499,1.5,1.8,1.3,4.2,1.1,0.8,1.3,1,1.9,9.6,13,0.537,0.435,0.221,5.2,17,11,5.7,1.4,4.1,10.1,16.3,0.9,3.1,4,0.096,-1.4,1,-0.4,0.8,15.5744782
26,72,49,26.3,4.1,9.3,1.2,3.3,2.9,6,0.498,1.9,2.2,0.3,1.8,1.8,0.8,0.2,0.8,2,11.2,12.3,0.545,0.352,0.231,1.4,7.9,4.6,10,1.5,0.5,6.9,18.1,2.1,0.5,2.6,0.065,-1.2,-0.8,-2,0,15.55912965
29,56,9,19,2.4,6.3,0.5,1.9,1.9,4.4,0.42,1.3,1.7,0.5,1.8,2.3,0.5,0.3,1.2,1.6,6.5,8.5,0.466,0.297,0.277,2.7,10,6.3,16.7,1.3,1.2,14.8,18.7,-0.8,1.1,0.3,0.013,-3.9,-0.3,-4.2,-0.6,15.55597673
20,47,1,16.3,2.5,5.2,0.4,1.5,2,3.7,0.525,0.8,1.3,1.4,3.6,0.8,0.3,1.4,0.9,2.2,6.2,14.9,0.539,0.288,0.259,8.8,24,16.3,7.4,0.8,7,13.7,17.8,0.3,1.4,1.7,0.106,-2.8,1.4,-1.4,0.1,15.55555559
23,64,2,17.5,3.2,7.7,0.8,3.1,2.4,4.6,0.47,1.3,1.8,0.7,3.2,1.4,0.5,0.4,1.1,1.5,8.5,12.7,0.5,0.404,0.234,4.2,19.6,11.9,11.3,1.3,1.8,11.1,23.4,-0.2,1.4,1.2,0.05,-1.8,-0.7,-2.4,-0.1,15.52025865
25,31,2,19,1.8,5.1,1.3,4.1,0.5,1,0.487,0.4,0.4,0.2,1.4,0.6,0.5,0.2,0.5,1.7,5.3,6.3,0.507,0.809,0.083,0.9,7.8,4.2,4.3,1.3,0.9,7.9,12.2,0.1,0.6,0.6,0.053,-3.7,0.4,-3.3,-0.2,15.51208644
32,51,18,16.1,2.1,4.4,0.4,1.2,1.6,3.2,0.518,1,1.2,1.7,3,1.1,0.2,0.7,0.8,2.5,5.6,14,0.567,0.274,0.278,11.4,19.8,15.6,9.3,0.7,3.7,13.8,15.2,1.3,1.1,2.4,0.139,-1.8,0.3,-1.5,0.1,15.51172782
32,20,1,9.5,1.1,3,0.5,1.3,0.6,1.7,0.432,0.7,0.8,0.8,1.8,0.7,0.2,0.4,0.7,1.5,3.3,9.8,0.492,0.441,0.271,9,20.2,14.6,9.7,0.7,3.1,16.4,17.5,0,0.2,0.2,0.038,-3.7,-1,-4.7,-0.1,15.51112617
24,46,44,30.2,4.7,11,0.7,2.1,3.9,8.9,0.458,1.2,1.5,0.4,3.7,6,1.5,0.5,2.3,3.6,11.3,12.4,0.484,0.19,0.136,1.5,13.3,7.3,30,2.4,1.3,16.2,20.1,-0.5,1.2,0.6,0.022,-2.8,0.2,-2.7,-0.2,15.49223453
21,52,51,32.3,6.6,15.3,2.3,6.4,4.3,8.9,0.506,3.3,3.8,1.4,7.6,1.4,0.7,0.6,1.6,2.3,18.7,17.1,0.553,0.418,0.245,4.7,25.9,15.2,7.2,1.1,1.7,8.8,25.1,1.3,1.5,2.7,0.078,1.4,-1.5,-0.2,0.7,15.48329285
19,44,44,25.2,4.1,8.4,0.1,0.7,4,7.7,0.493,2,2.5,2,5,1.8,0.6,1.3,1.5,3.5,10.3,15.2,0.541,0.086,0.302,8.4,21.8,15,10.7,1.1,4.5,13.4,19.1,0.7,1.2,1.9,0.08,-2.2,0.6,-1.6,0.1,15.46443838
26,66,2,13.8,2.2,4,0.4,1,1.8,3,0.598,0.8,1.2,1.3,2.1,1,0.3,0.6,0.5,2.4,5.7,17,0.624,0.252,0.286,10.2,16.2,13.2,10.5,1.1,4.1,9.9,15.8,2.3,1.3,3.5,0.188,-0.8,0.9,0,0.5,15.42494847
40,51,20,15.6,2.6,7.4,1.3,4,1.4,3.4,0.444,0.8,1,0.1,3,0.7,0.2,0.4,0.4,1.5,7.3,9.6,0.469,0.545,0.133,0.7,20.5,10.6,6.9,0.5,1.9,4.3,22.5,-0.5,0.8,0.3,0.016,-2.7,-1.2,-3.9,-0.4,15.42494847
26,82,82,31.9,7.6,16.6,3.4,7.9,4.2,8.6,0.56,2.1,2.4,1.3,3.7,2.5,0.7,0.4,1.8,2.5,20.7,17.5,0.587,0.479,0.142,4.1,12.4,8.1,11.9,1,1.1,9.2,25.1,4.3,1.6,5.9,0.108,3.5,-1.4,2.1,2.7,15.39679752
20,43,16,21,2.2,6.6,0.8,2.7,1.4,3.9,0.395,0.5,0.7,0.3,1.7,2.8,0.7,0.3,1.3,2.4,5.7,6,0.417,0.408,0.106,1.4,8.9,5,19.5,1.6,1.3,15.9,16.6,-1.3,0.4,-0.8,-0.045,-5.2,-0.8,-6,-0.9,15.39568442
27,66,45,23.5,2.8,7,1.2,3.4,1.6,3.6,0.489,0.8,1.1,0.9,2.7,1.7,0.5,0.2,1,1.7,7.6,9.4,0.51,0.488,0.156,4.1,12.2,8.2,10.3,1.1,0.7,11.5,15.4,0.4,1.6,1.9,0.059,-2.2,-0.1,-2.3,-0.1,15.3857279
28,63,63,30.2,3.9,9.7,1.4,3.9,2.6,5.8,0.479,0.7,0.8,0.7,2.1,2.4,0.7,0.3,1.4,2.7,9.9,7.6,0.496,0.403,0.082,2.5,7.3,4.9,11.8,1,0.7,12.4,16.2,-0.6,1,0.3,0.009,-2.8,-0.9,-3.7,-0.8,15.37722773
29,81,1,17.9,2.3,3.7,0,0,2.3,3.7,0.616,1.2,2,2.7,5.9,0.8,0.4,0.4,0.8,2.8,5.8,17.3,0.632,0.007,0.536,15.8,34.6,25.2,6,1.2,1.8,14.6,12.7,3.3,2.5,5.7,0.191,-0.6,0.7,0,0.7,15.37722773
26,67,31,24.5,5.6,10.2,0.1,0.5,5.4,9.7,0.556,2.3,2.9,3.8,6,1.7,0.5,0.4,1.8,2.5,13.7,22.3,0.594,0.05,0.288,16.4,26.1,21.1,12.1,0.9,1.3,13.3,23.1,3.9,1.6,5.4,0.159,2.5,-1.5,1,1.2,15.37722773
25,47,0,16.1,2.9,6.3,1.1,3,1.9,3.4,0.547,1.7,2.3,0.8,2.6,1.3,0.3,0.3,0.9,1.4,8.6,16.8,0.587,0.466,0.359,5.5,18.1,11.7,12.9,0.8,1.4,10.6,22.1,1.3,0.5,1.8,0.114,1.4,-1.1,0.3,0.4,15.37722773
32,75,55,27.2,2.8,6.6,1.2,3.5,1.6,3.1,0.513,1.1,1.4,0.4,2.5,1.4,1,0.4,0.9,2.7,7.8,8.5,0.543,0.535,0.217,1.5,10.2,5.8,7.4,1.8,1.4,11.5,13.2,0.3,2,2.2,0.052,-3.3,0.5,-2.8,-0.4,15.37722773
28,65,6,21.1,3.5,7.3,1.1,2.7,2.4,4.6,0.558,1.2,1.6,1.6,4.7,0.8,0.7,0.5,1.3,3,9.4,14.7,0.587,0.37,0.212,8.3,24.3,16.4,5.8,1.6,2.3,14.3,19.4,0.9,1.9,2.9,0.101,-1.3,-0.4,-1.7,0.1,15.37722773
29,82,77,31.8,3.7,9.5,2,5.7,1.7,3.8,0.49,1.2,1.3,0.6,3.4,1.8,1.5,0.4,1.3,2,10.5,10,0.52,0.598,0.136,1.9,11.9,6.8,8.1,2.3,1.2,11.2,15.7,-0.4,2.5,2.1,0.038,-2.3,0.5,-1.8,0.1,15.37722773
30,79,3,17.7,2.1,5.3,1.3,3.2,0.8,2.1,0.52,0.3,0.4,0.5,2.9,0.8,0.3,0.2,0.6,2,5.8,8.6,0.528,0.6,0.079,3.4,17.2,10.5,6.4,0.9,0.7,9.2,14.4,0.4,1.2,1.6,0.053,-1.9,-0.7,-2.5,-0.2,15.37722773
25,70,4,16.9,3.2,5.2,0,0,3.2,5.2,0.608,1.8,2.5,1.6,3.1,0.9,0.6,1.1,0.7,2.8,8.2,20.7,0.647,0,0.479,10.6,20.5,15.5,7.9,1.7,5.6,10.5,17.9,3.1,1.1,4.3,0.173,0.1,0.5,0.6,0.8,15.37722773
30,74,36,21.7,4.1,7.2,0.1,0.4,4,6.8,0.575,1.2,1.7,1.9,2,1.2,0.1,1.1,1.3,1.7,9.5,15.9,0.598,0.058,0.23,9.4,10,9.7,8.8,0.3,4.2,14,18.6,2,0.7,2.7,0.081,-0.6,-1.4,-1.9,0,15.37722773
20,82,72,31.8,6.3,14.7,1.5,3.6,4.9,11.1,0.48,2.6,3.1,0.7,2.2,3,0.5,0.1,2.3,2.3,16.7,12,0.52,0.245,0.211,2.3,8,5,15.3,0.8,0.2,12.3,25.2,-0.1,-0.5,-0.6,-0.011,-1.4,-3.3,-4.7,-1.8,15.3767997
22,80,24,18.5,2.7,4.3,0,0.1,2.7,4.2,0.627,0.8,1.3,2.4,2.8,1.5,0.6,0.7,0.6,2.6,6.3,17.3,0.636,0.029,0.303,14.6,15.4,15,10.9,1.5,3,11.5,12.8,4.2,1.8,6,0.194,0.1,0.4,0.5,0.9,15.31160641
21,53,50,28.5,5.2,12.3,1.3,3.9,4,8.3,0.479,1.9,2.9,0.6,2.3,4.8,1.3,0.4,2.9,2.4,13.6,12.3,0.502,0.32,0.24,2.2,8.7,5.5,27.3,2.1,1.1,17.6,24.8,-1.2,1.2,0,0.001,-1.6,-0.4,-1.9,0,15.31147513
21,75,74,32.6,6.8,15.6,2,5.5,4.8,10.1,0.502,2.5,3,0.9,3.4,4.8,0.9,0.4,2.1,2,18.2,16,0.538,0.353,0.19,2.9,11.2,7,22.4,1.3,1,11.1,24.9,2.8,2.3,5.1,0.1,1.4,-0.8,0.6,1.6,15.30723328
19,75,57,28.8,4.5,12.2,1.7,4.9,2.8,7.3,0.438,2.2,3,0.8,3.7,1.1,0.6,0.3,1.5,2.3,12.8,8.7,0.475,0.398,0.247,2.9,13.6,8.1,6,1,0.9,10.1,22.3,-2.2,0.9,-1.3,-0.03,-3.4,-2.3,-5.7,-2,15.29258668
32,4,0,15.3,2,4.5,0.5,1.5,1.5,3,0.5,0.5,1.3,0.5,1.3,0.5,0.3,0.3,0.5,2,5,6.7,0.495,0.333,0.278,3.6,8.4,6.1,4.5,0.8,1.3,9,15.4,0,0,0,0.009,-2.9,0,-3,0,15.27888169
21,77,0,17.6,2.5,5.2,0.5,1.6,1.9,3.6,0.523,1.2,1.6,1.4,2.8,0.9,0.3,0.9,1,2.3,6.6,13.5,0.562,0.303,0.315,8.8,16.5,12.7,7.1,0.9,3.9,14.5,16.6,1.4,1.5,2.9,0.104,-1.5,0.3,-1.2,0.3,15.260121
22,82,56,29.5,3,6.9,1.3,3.8,1.7,3,0.523,1.2,1.4,0.7,2.5,2.1,1.6,0.5,0.9,2.5,8.3,10.8,0.556,0.556,0.21,2.5,9.7,6,9.8,2.5,1.3,10.2,12.2,1.7,1.2,2.9,0.058,-2,0.4,-1.6,0.3,15.24126599
25,77,31,20.1,4.2,8.4,1,2.6,3.2,5.8,0.551,1.8,2.8,2.1,3.5,1.1,0.4,0.9,1.3,2.6,11.1,17.2,0.575,0.315,0.333,10.5,18.5,14.4,8.6,0.8,3.9,11.5,22.1,2.2,1,3.2,0.1,0,-1.3,-1.2,0.3,15.24102563
20,73,0,17.2,3.1,8,1.5,4.5,1.6,3.5,0.48,1.2,1.4,0.2,1.7,1.6,0.5,0.3,1.2,1.5,8.9,11.8,0.518,0.563,0.174,1.3,10.6,5.9,14.3,1.4,1.3,12,24.6,-0.4,0.7,0.3,0.012,-1.3,-1.7,-3,-0.3,15.20887983
25,81,26,24.5,2.8,6.5,1,3.1,1.8,3.4,0.507,0.9,1.3,1.7,3.1,1.2,0.9,0.4,0.9,2.3,7.5,11,0.53,0.481,0.195,7.5,13.4,10.5,6.9,1.7,1.5,11.4,14,1.2,2,3.3,0.079,-1.8,0.4,-1.4,0.3,15.20180492
31,75,62,22.3,5.3,8.5,0,0.2,5.3,8.4,0.625,1.3,2,2.6,4.9,0.7,0.6,2,1.4,2.8,12,21.8,0.634,0.019,0.237,12.3,22.5,17.5,4.8,1.3,7.3,13.2,20.2,3,2.9,5.9,0.171,0.3,1.2,1.4,1.4,15.20180492
23,29,1,13.7,0.9,2.2,0.3,1,0.6,1.2,0.484,0.4,0.5,0.2,1.4,1,0.8,0.1,0.6,1.3,2.6,7.5,0.532,0.444,0.238,2,10.9,6.5,9.2,2.8,0.4,19.6,9.4,0,0.5,0.5,0.065,-4.8,1.9,-3,-0.1,15.20180492
27,63,60,29.8,3.9,9.4,2.3,6.2,1.5,3.2,0.537,1.2,1.3,0.3,2.4,2,0.6,0.2,1,1.7,11.3,10.5,0.563,0.662,0.143,1.2,8.8,4.9,10.1,1,0.5,9.3,15.8,1.6,1.4,3.1,0.078,-0.7,-0.4,-1.1,0.4,15.20180492
20,82,73,26.5,4.2,8.7,0.6,1.7,3.5,7,0.512,1.9,2.4,0.7,2.1,3.3,1.2,0.5,1.7,2.1,10.8,13.4,0.554,0.194,0.272,2.9,8.3,5.7,17.8,2.1,1.6,15,18.3,1.5,1.9,3.3,0.074,-0.9,0.4,-0.5,0.8,15.1899651
22,63,10,22.8,3.6,8.3,1.7,4.3,1.9,4,0.54,0.8,1,0.2,2.7,1.8,0.4,0.2,0.9,1.5,9.7,11.9,0.56,0.517,0.117,0.9,13.5,7,12.3,0.9,0.6,9.4,18.1,1.3,1.3,2.5,0.085,-0.4,-0.6,-1.1,0.3,15.15763357
20,80,25,21.2,3,6.4,0.8,2.5,2.2,3.9,0.527,0.7,1,0.8,3.2,1.2,0.7,0.6,0.6,1.4,7.5,13.1,0.548,0.391,0.151,4.2,16.6,10.3,8.1,1.6,2.5,8.4,15.1,1.4,1.5,2.9,0.083,-0.9,0.1,-0.8,0.5,15.13870536
23,77,24,16.5,2.4,3.8,0,0,2.4,3.8,0.645,0.6,1.2,2.3,3,1.2,0.4,0.9,0.6,1.6,5.5,19.4,0.64,0,0.317,15.4,19.7,17.6,10,1.1,4.5,12.7,13.1,3.5,1.6,5.1,0.193,1.3,0.7,2,1.3,15.13856848
22,77,77,33.7,8.6,19.9,2.4,6.7,6.1,13.1,0.493,4.1,5.1,0.8,3.3,4.2,1.4,0.4,2.8,2.7,23.8,17.2,0.537,0.339,0.259,2.5,10.5,6.6,21.2,2,0.9,11.3,31.6,1.3,3.7,5,0.092,1.2,0.1,1.3,2.2,15.10632873
22,66,7,18.3,2.6,6.7,0.9,3.3,1.7,3.4,0.459,0.8,1,0.5,2.8,1.3,0.9,0.2,1.2,1.7,6.9,9.6,0.485,0.489,0.145,3,16.9,9.7,10.6,2.4,1,14.7,19.4,-1.1,1.6,0.5,0.021,-3.1,0.9,-2.2,0,15.10281297
24,71,33,18.7,3,6,0.8,2.5,2.2,3.4,0.579,0.7,1,0.8,2.3,0.7,0.4,0.4,0.6,1.6,7.6,13.5,0.594,0.427,0.167,4.6,12.6,8.7,5.6,1.1,1.8,9.2,15.9,1.9,1.2,3.1,0.111,-0.1,-0.3,-0.5,0.5,15.09142795
21,64,5,15.2,1.7,4.2,0.8,2.4,0.9,1.8,0.498,0.9,1.3,0.6,2.5,0.7,0.3,0.8,0.5,1.6,5,11.3,0.53,0.571,0.313,4.5,17.4,11,6.3,1,4.4,9.8,14.8,0.5,1.5,2,0.099,-2.2,1,-1.2,0.2,15.08797615
21,33,0,9.7,1.3,3.3,0.5,1.7,0.8,1.6,0.482,0.2,0.3,0.1,1.2,0.6,0.3,0.1,0.4,1.4,3.4,7.2,0.491,0.518,0.082,1,12.2,6.8,8.3,1.6,0.7,10.2,16.7,-0.2,0.3,0.1,0.012,-4.2,-0.5,-4.7,-0.2,15.08743729
23,64,3,22.8,3.6,8.1,0.8,2.1,2.8,6,0.498,2.8,3.5,0.5,2.6,1.9,0.4,0.2,1.8,1.8,10.9,12.2,0.564,0.255,0.431,2.2,12.2,7.1,12.9,0.9,0.8,15.8,21.5,0.4,0.5,0.9,0.03,-1.6,-1.5,-3.1,-0.4,15.08273981
25,39,13,25.1,3,6.5,1.9,4.6,1.1,1.9,0.615,1.4,1.8,0.6,2.9,1,0.5,0.3,0.9,2.1,9.4,12.2,0.646,0.706,0.282,2.8,13.3,7.9,5.9,1.1,1,11,14.1,1.6,0.7,2.3,0.113,0.1,-0.5,-0.5,0.4,15.07963729
22,74,5,24.8,5.6,9.5,0.1,0.2,5.5,9.2,0.596,2.8,3.9,2.5,6.8,2.9,0.6,0.4,2.2,3.2,14.1,21.9,0.63,0.024,0.416,11.5,29.8,20.8,18.2,1.3,1.5,16.2,23.5,4.3,3.3,7.6,0.197,1.9,1.3,3.1,2.4,15.07668236
30,58,12,11.7,2.8,4.5,0.1,0.2,2.7,4.3,0.623,1.7,2.3,1.5,3.1,0.9,0.3,0.5,1,1.6,7.3,24.2,0.664,0.038,0.504,14,26.9,20.6,12.8,1.1,3.1,15.7,23.3,2.1,0.9,3,0.212,2.8,0.3,3.2,0.9,15.06827353
28,30,30,25.7,5.9,12.4,0.9,3.2,5.1,9.2,0.515,3.5,4.8,1.4,6.8,3.6,1.3,1.5,2.4,3.6,16.3,21.4,0.562,0.256,0.388,6.2,27,17.1,20.4,2.5,4.8,14.2,28.1,0.9,1.5,2.4,0.151,0.4,2.6,3,1,15.06827353
30,26,2,10.7,2.9,5.9,0.1,0.7,2.8,5.2,0.5,1.1,1.5,0.5,1.8,1,0.3,0.4,1,1.6,7,15.9,0.532,0.111,0.255,4.9,17.2,11.2,14.8,1.5,3,13.7,29.5,-0.1,0.4,0.2,0.039,-1.9,0.5,-1.5,0,15.06827353
26,76,3,19.3,2.9,5.5,0.2,0.6,2.7,5,0.542,0.4,0.5,0.4,1.9,3.4,1,0.2,1.2,1.4,6.4,13.4,0.555,0.1,0.088,2.1,10.2,6.3,24.7,2.5,0.9,17.3,15,1.2,1.7,2.9,0.094,-1.8,0.9,-0.9,0.4,15.06827353
24,81,41,25,3.8,8.6,1.5,4,2.3,4.6,0.522,1.6,1.9,1.6,4.1,1.6,0.6,0.1,1.2,2.2,10.6,13.1,0.563,0.464,0.216,6.6,17.5,12.1,8.8,1.1,0.4,11.3,17.8,2.3,1.2,3.5,0.084,-0.3,-1.3,-1.6,0.2,15.06311338
24,55,47,28.2,4.8,10.8,2.2,5.7,2.5,5.1,0.545,1.7,2.1,0.4,3.2,2.1,1,0.3,1.8,2.6,13.5,11.9,0.575,0.53,0.195,1.5,12.3,6.7,11.1,1.6,1.1,13.4,19.5,0.8,0.7,1.5,0.047,-1,-1,-2,0,15.06311338
21,82,28,23.3,3.4,5.9,0,0.2,3.4,5.7,0.579,2,2.8,2,5.3,2.2,0.9,0.8,1.5,2.5,8.9,17.9,0.623,0.031,0.465,9.2,24,16.6,14.2,1.8,3,17.1,15.8,3.4,3.4,6.8,0.171,-0.4,2.2,1.8,1.8,15.0550667
23,70,25,19.4,2,4.5,0.9,2.6,1,1.9,0.545,0.9,1.2,0.9,2.9,0.8,0.4,0.3,0.5,1.3,5.8,11,0.58,0.576,0.274,5.1,16.1,10.6,5.3,1,1.6,9.5,12.2,1.6,1.4,3,0.105,-0.9,-0.2,-1.1,0.3,15.01578553
23,81,14,19.9,2.7,6,1.1,3,1.6,3,0.537,0.8,1,0.5,2.1,1.2,0.4,0.2,0.4,1.2,7.2,11.3,0.561,0.505,0.163,2.8,11,6.9,8.1,0.9,0.7,5.3,14.3,2,0.9,2.9,0.086,-0.8,-0.8,-1.6,0.2,15.00363443
19,52,10,14,1.9,4.5,0.4,1.3,1.4,3.2,0.462,0.6,0.9,0.7,2.1,1.5,0.4,0.1,0.6,1.1,4.8,11.1,0.487,0.295,0.201,5.1,16.6,10.8,14.9,1.4,0.6,10.5,16.5,0.2,0.4,0.6,0.039,-1.7,-1,-2.7,-0.1,14.98473041
25,71,3,15,2.2,5,0.8,2.1,1.4,2.9,0.511,0.8,0.9,0.2,1.4,1.9,0.5,0.1,0.6,0.9,5.9,12.7,0.55,0.423,0.19,1.2,9.5,5.3,17,1.6,0.3,9.5,16.3,1.3,0.6,1.9,0.087,-1,-0.4,-1.4,0.2,14.96291301
19,6,2,18.5,2.3,5.7,1,2.7,1.3,3,0.5,1,1.3,0.5,1.7,1.7,0.3,0.3,1,1.3,6.7,9.5,0.533,0.471,0.235,2.9,9.3,6.2,12.3,0.9,1.4,13.8,16.4,0,0.1,0.1,0.048,-2.8,-2.2,-5,-0.1,14.93353324
26,50,1,12.9,1.8,3,0,0,1.8,3,0.603,1.2,1.7,1.6,2.2,0.8,0.4,0.6,0.4,1.4,4.8,19.2,0.64,0.007,0.55,13,18.8,15.8,8.5,1.4,3.8,9.6,14.1,1.8,1,2.8,0.212,0.1,1,1.2,0.5,14.91412285
25,74,10,14.3,2.8,5.9,1.1,2.7,1.7,3.2,0.557,0.3,0.4,0.3,1.8,1.6,0.3,0,0.7,1.2,6.9,13.1,0.565,0.456,0.059,2.3,13,7.9,15.2,0.9,0.2,10,20.2,1,0.8,1.8,0.082,-0.5,-1.6,-2.1,0,14.91412285
24,81,32,24.2,2.3,5.2,1,2.7,1.3,2.5,0.544,1.1,1.3,0.3,2.4,3.3,0.8,0,0.8,2.1,6.7,11.6,0.588,0.519,0.244,1.5,10.8,6.1,18.9,1.6,0.2,12,11.7,2.8,0.9,3.7,0.09,-2,0.1,-1.9,0.1,14.91412285
22,48,3,18.4,2.2,5.2,1,2.6,1.2,2.6,0.506,0.5,1,0.9,3.7,1.1,0.4,0.4,0.7,1.8,5.8,10.3,0.515,0.506,0.187,5.5,19.2,12.8,7.6,0.9,1.9,10.5,14.4,0.3,1.4,1.7,0.093,-2.4,0.2,-2.2,0,14.90107813
23,76,75,32.2,4.7,11.1,1.7,4.9,3,6.2,0.504,1.9,2.4,0.6,4.1,2.6,0.8,0.1,1.5,2.6,13,11.5,0.536,0.443,0.214,2,14.8,8.1,12.1,1.2,0.4,11,18.6,1.2,0.2,1.5,0.029,-1.4,-1.8,-3.2,-0.8,14.88268137
22,27,0,15.2,1.9,4.6,0.8,3.1,1,1.5,0.492,0.3,0.4,0.6,1.8,1.1,0.5,0.2,0.7,1.4,4.9,9.1,0.507,0.669,0.097,4.2,11.4,8,9.7,1.5,1.2,12.8,15.1,0,0.6,0.6,0.069,-2.8,0.6,-2.2,0,14.8822193
25,82,81,28,4.4,9.6,2.1,5,2.3,4.6,0.568,0.8,1,0.2,2.7,2.1,0.5,0,1,1.9,11.8,12,0.586,0.522,0.099,0.9,10.4,5.7,10.6,1,0.1,8.8,17.4,2.5,1.3,3.8,0.079,-0.3,-0.9,-1.2,0.5,14.87156323
21,58,1,9,1.7,3.2,0.1,0.5,1.6,2.6,0.563,0.3,0.5,0.7,1.4,0.4,0.2,0.3,0.2,0.6,3.9,16.9,0.572,0.169,0.169,9.3,17.1,13.3,6.9,0.8,3.2,5.8,17.5,0.9,0.7,1.6,0.148,0.3,-0.6,-0.3,0.2,14.84986162
24,25,4,21.2,3.1,6.9,1,2,2.1,4.9,0.514,2,2.6,0.8,1.9,3.1,1,0.4,1.7,2.2,9.2,13.9,0.569,0.289,0.37,4,9,6.5,19.7,2.1,1.4,17.3,19,0.5,0.6,1,0.093,-1,0.7,-0.2,0.2,14.82711147
22,81,18,23.2,4.3,9.1,2,5,2.3,4.1,0.584,0.7,0.8,0.4,2,1.2,0.7,0.1,0.7,1.4,11.3,14.2,0.599,0.55,0.09,2,9.5,5.8,7.5,1.4,0.5,6.7,18.7,2.9,1.6,4.5,0.115,0.8,-0.7,0.1,1,14.82043981
20,17,0,6.9,0.9,2.7,0.3,0.8,0.6,1.9,0.402,0.5,0.6,0,1,0.5,0.4,0.2,0.2,0.4,2.6,10.8,0.446,0.283,0.217,0,15.6,7.9,10.3,2.9,2.2,7.4,20.3,-0.1,0.2,0,0.019,-3.4,1,-2.4,0,14.80502201
21,61,59,30,7.6,13.6,0.9,2.6,6.7,11,0.593,3.3,4.4,3.6,6.2,2,0.4,0.6,2,3.3,19.5,21.8,0.627,0.19,0.32,12.3,22.1,17.1,11,0.6,1.8,11.2,23.7,5,1,6,0.158,2.8,-1.9,0.9,1.3,14.80377212
20,75,59,27.3,3.7,8.8,1.8,4.7,1.9,4.1,0.522,0.5,0.7,0.8,2.5,2.9,0.9,0.3,1.5,2.1,9.7,10.1,0.533,0.537,0.085,3,9.7,6.3,14.5,1.5,1.1,13.8,15.7,0.7,0.7,1.5,0.034,-1.6,-0.8,-2.4,-0.2,14.78487939
24,40,25,26.6,5.2,12.1,1.2,3.9,4,8.2,0.478,2.1,3.1,0.9,2.9,3.9,1.1,0.4,1.7,1.9,13.7,14.9,0.509,0.319,0.255,3.5,11.4,7.5,23.2,1.9,1,11.4,24,0.5,1.2,1.7,0.077,-0.3,0.5,0.2,0.6,14.78086494
24,82,15,23.5,3.4,7.5,0.6,2.1,2.7,5.4,0.487,1.1,1.7,0.7,3.7,2.5,1.3,0.5,1.7,2.3,8.4,10.8,0.508,0.281,0.221,2.9,16.9,9.7,14.7,2.5,1.8,17.4,17.2,-0.9,1.7,0.9,0.022,-3.3,0.8,-2.4,-0.2,14.77255237
20,58,0,14.1,3,6,0,0.1,3,5.9,0.503,1,1.6,1.1,2.7,1.5,0.5,0.4,1.3,2.6,7,14.4,0.526,0.017,0.261,8.1,20.1,14,15.2,1.8,2.3,15.8,23.2,0,1,1,0.056,-3.4,0.4,-3,-0.2,14.76283473
36,42,2,13,1.4,2.8,0,0.1,1.4,2.7,0.517,0.7,1.1,0.8,2.1,0.6,0.4,0.4,0.3,2.1,3.6,11.9,0.552,0.026,0.405,6.7,18.4,12.5,6.8,1.6,2.3,7.4,11.7,0.8,0.6,1.4,0.123,-3.1,0.9,-2.2,0,14.75737274
32,46,29,29.8,3.8,9.4,1.1,3.1,2.7,6.3,0.464,0.5,0.8,0.7,4.5,8,1.2,0.2,2.8,2.2,9.2,12.1,0.473,0.329,0.083,2.6,15.5,9.2,35.5,1.9,0.4,22.1,17.4,-0.2,1.5,1.3,0.047,-1.7,0.2,-1.5,0.2,14.75737274
32,69,68,30.3,4,10.1,2.2,5.8,1.9,4.3,0.507,1.9,2.4,0.5,2,2.3,0.8,0.2,1.3,2.3,12.2,10.3,0.546,0.577,0.234,1.7,7.1,4.4,11.1,1.3,0.7,10.6,17.8,1.1,1.5,2.7,0.062,-1.4,-0.5,-1.8,0.1,14.75737274
20,74,52,23.7,2.6,6.9,0.8,2.9,1.8,4,0.445,1.6,2.2,0.6,2.4,1.2,1.2,0.4,0.9,2.2,7.7,9.4,0.492,0.423,0.319,2.5,10.9,6.6,6.9,2.4,1.6,9.8,15.4,-0.1,1.4,1.2,0.034,-3.5,0.4,-3.1,-0.5,14.7439986
24,59,21,20.9,3.4,8.3,0.2,0.8,3.2,7.4,0.42,2,3.1,1.4,3.8,1.6,0.7,0.5,1.2,1.8,8.9,12.5,0.464,0.101,0.376,7.1,19.2,13.2,11.7,1.7,1.7,10.7,21.6,-0.5,1.7,1.2,0.047,-3,0.4,-2.6,-0.2,14.73180129
20,74,74,26.1,2.5,5.8,1.4,3.9,1.1,1.9,0.552,0.5,0.7,0.4,1.5,1,0.5,0.2,0.6,3.1,6.9,6.4,0.566,0.673,0.118,1.7,6,3.8,4.8,1,0.7,9.4,10.6,1.2,1.6,2.8,0.07,-3.9,0.1,-3.8,-0.9,14.72209029
23,38,2,10.9,1.8,4.7,0.8,2.6,0.9,2.1,0.466,1.2,1.6,0.1,0.5,0.7,0.2,0.2,0.9,1.2,5.6,7.5,0.516,0.556,0.337,0.8,5.1,3,8.9,0.7,1.1,13.9,24.4,-0.4,0.4,0,0.002,-4.2,-2.1,-6.3,-0.5,14.70315487
20,80,80,26.2,4.2,7.1,0.1,0.6,4.1,6.5,0.595,2.5,3.5,2.4,6,1.4,0.5,1.5,1.3,2.3,10.9,18.5,0.632,0.079,0.489,9.6,24,16.8,7.9,1,4.5,13,15.9,4.4,3.3,7.6,0.175,0.2,1.4,1.6,1.9,14.68128243
24,80,79,31.9,6.5,11.8,1,2.7,5.5,9.1,0.591,3,3.8,1.6,5.3,3.1,0.9,0.7,1.9,3,16.9,18.7,0.628,0.226,0.32,5.4,17.5,11.6,14.6,1.4,1.7,12.5,20.8,5.7,3.6,9.3,0.175,1.6,0.8,2.4,2.8,14.67070813
22,22,1,8,1.2,2.2,0.3,0.6,0.9,1.6,0.592,0.4,0.8,0.4,1.5,0.5,0.2,0.3,0.5,1.3,3,12.6,0.593,0.265,0.347,5.4,20.3,12.8,8.6,1.4,2.8,16.3,16,0.1,0.2,0.3,0.089,-2.9,-0.1,-3,0,14.66516863
22,44,14,20.3,2.2,4.8,0.3,1.1,1.9,3.6,0.493,0.5,0.9,0.7,3.5,0.8,0.5,0.1,0.6,1.3,5.2,8.8,0.507,0.239,0.182,3.7,18.9,11.2,5.3,1.2,0.6,10,12.2,0,0.6,0.6,0.03,-3.4,-0.5,-3.9,-0.4,14.66237404
22,50,0,12.9,2.1,5.2,0.9,2.5,1.2,2.7,0.483,0.8,1,0.1,1.2,1.7,0.4,0.3,0.8,1.4,5.9,11.9,0.518,0.485,0.191,0.9,10.4,5.8,19.3,1.6,1.8,12.3,21.9,0.1,0.8,0.9,0.065,-1.7,0.1,-1.6,0.1,14.66103542
23,24,22,17.1,2.2,3.1,0,0,2.2,3.1,0.716,1,1.5,1.3,1.8,1.2,0.5,1,0.7,2.6,5.4,15.3,0.72,0,0.5,8.4,11,9.8,8.7,1.4,5.1,15.1,11.1,1,0.5,1.5,0.173,-0.6,1.7,1.1,0.3,14.65061596
22,59,25,18.3,3.1,5.6,0,0,3.1,5.6,0.553,1.6,2.2,1.8,3.6,0.9,0.2,0.4,1,1.9,7.8,16.2,0.59,0,0.399,10.6,22.8,16.4,7.7,0.6,1.8,13.6,18.2,1.7,0.3,2,0.087,-1.1,-2.1,-3.2,-0.3,14.64047516
21,67,6,20.2,2.7,6,1,3,1.7,3,0.536,0.5,0.9,0.9,2.1,0.7,0.7,0.3,0.8,2.1,7,9.8,0.544,0.5,0.153,4.8,10.8,7.9,4.7,1.6,1.3,11.3,15.5,0.3,1.7,2,0.07,-2.4,0.1,-2.4,-0.1,14.64047516
23,46,18,17,2.3,6.2,1.5,4.2,0.8,2,0.502,0.8,1,0.6,2.3,1.2,0.6,0.9,0.5,0.9,7,14.8,0.531,0.682,0.163,3.6,14.6,9,10.5,1.7,4.5,7.6,17.9,0.6,0.7,1.4,0.083,1.4,0.7,2.1,0.8,14.62644077
25,81,81,27.3,5.1,9.1,0,0,5.1,9.1,0.557,1.7,3.1,2.2,6.1,2.4,1.2,0.6,1,2.8,11.9,18,0.566,0.003,0.343,8.2,23.7,15.8,12.3,2,2,9,17.5,3.8,2.9,6.7,0.146,0.2,1.1,1.2,1.8,14.59368018
19,20,1,7.1,1.4,3.2,0.5,1.5,0.9,1.7,0.524,0.5,0.8,0.2,0.5,0.7,0.1,0,0.6,0.5,3.8,11.1,0.535,0.46,0.254,2.3,7.4,4.9,13.7,0.3,0,13.6,24.3,0,0,0.1,0.02,-1.5,-3.7,-5.3,-0.1,14.58077373
26,76,15,26.7,3.1,7.5,1.4,4.3,1.7,3.2,0.497,0.7,1.3,0.3,1.8,2.2,0.6,0.3,0.9,2.7,8.1,7.7,0.503,0.572,0.166,1.3,7.5,4.4,11.5,1.1,1,10,14.5,0.4,0.8,1.2,0.028,-3.3,-1,-4.3,-1.1,14.57972971
21,43,5,10.4,1.7,4,0.5,1.8,1.1,2.2,0.48,1,1.2,0.4,1.6,0.6,0.3,0.3,0.9,1.3,4.8,10.1,0.533,0.45,0.31,4,15.4,9.8,7.4,1.1,2.4,16.7,21.7,-0.3,0.5,0.2,0.02,-3.9,-0.4,-4.3,-0.3,14.53992382
21,21,0,8.5,0.9,2.5,0,0.3,0.8,2.2,0.349,0.3,0.4,0.8,2.2,0.5,0.3,0,0.9,1.3,2,4.7,0.377,0.132,0.17,10.2,27.6,19.1,8,1.6,0.5,24,17.7,-0.5,0.2,-0.2,-0.06,-7.1,0,-7.2,-0.2,14.52510179
25,19,0,8.3,1.3,3.4,0.9,2.2,0.4,1.2,0.523,0.4,0.6,0.2,0.7,0.2,0.3,0.2,0.3,1.2,3.9,10.5,0.541,0.641,0.188,1.9,9.4,5.5,3.4,1.8,1.6,6.7,19.4,0.1,0.1,0.2,0.055,-2.1,-1.4,-3.5,-0.1,14.5228535
27,64,10,20.4,2.3,5.6,1.4,4,0.9,1.6,0.525,1.1,1.3,0.9,2.9,1.2,0.3,0.6,0.8,2,7,10.8,0.564,0.709,0.235,4.7,14.7,9.8,7.7,0.8,2.3,10.8,14.3,1.2,1.2,2.5,0.091,-0.8,-0.3,-1.1,0.3,14.5228535
23,23,2,9.1,1,2.8,0.3,1.2,0.7,1.6,0.398,0.7,1,0.4,0.7,0.4,0.5,0.2,0.4,1.1,2.9,7.6,0.443,0.422,0.375,4.9,7.8,6.3,6.3,2.8,2.1,11.8,17.6,-0.2,0.3,0.1,0.02,-5.8,0.5,-5.3,-0.2,14.50865774
23,68,57,25.3,3,6.5,0.7,2,2.4,4.5,0.523,1.6,2.3,1.7,6.1,1.9,0.7,0.8,1.3,2.6,8.4,13.9,0.561,0.311,0.355,6.7,25.8,16,11.1,1.3,2.5,14.7,14.8,1.5,1.7,3.2,0.09,-1.2,0.5,-0.7,0.6,14.50865774
28,75,37,20,2.1,4.8,0.8,2.5,1.3,2.3,0.526,0.7,0.9,1.2,2.3,1,0.5,0.6,0.6,2.3,5.7,10.4,0.547,0.519,0.193,6.4,12.6,9.5,6.3,1.2,2.7,10.1,12.4,1.4,1.7,3,0.096,-2,0.2,-1.9,0,14.50865774
21,79,27,22.8,3,7.1,2.1,5,0.9,2,0.581,0.9,1.2,0.3,1.4,1.5,0.5,0.1,0.6,2,9.1,11,0.604,0.711,0.167,1.3,6.4,3.9,9,1,0.4,7,15,2.7,0.9,3.6,0.095,-0.3,-1.3,-1.6,0.2,14.50621476
23,70,68,33.1,7.1,15.5,1.8,6,5.3,9.5,0.515,2.7,3.6,0.9,4.6,2.5,0.6,0.4,1.9,2.4,18.7,14,0.546,0.388,0.23,2.7,14.1,8.5,11.5,0.8,0.9,10,23.8,1.2,1.9,3.1,0.065,-0.2,-1.2,-1.4,0.4,14.4958764
21,3,0,12,2.7,5.3,0,0,2.7,5.3,0.5,0.3,0.7,3,2,0.3,0.7,0.7,1,2,5.7,19.6,0.504,0,0.125,27.6,17.7,22.6,4.5,2.7,4.4,15.1,23.6,0,0.1,0.1,0.13,-3.6,-2.4,-6,0,14.48965839
24,67,55,25.8,3.9,8.1,0.7,2.1,3.2,6,0.523,1.4,1.8,0.5,3.2,3.9,1,0.7,1.4,2.2,9.9,14.8,0.555,0.262,0.227,2.2,13.3,7.8,21,1.9,2.3,14,17.7,1.7,1.9,3.6,0.101,-0.4,1.3,0.9,1.3,14.48235483
21,32,2,8.8,1.1,1.6,0,0,1.1,1.6,0.706,0.3,0.5,0.8,1.7,0.2,0.3,1.3,0.3,1.1,2.5,18.8,0.703,0,0.294,10.2,20.4,15.3,3.3,1.5,12.5,14.8,10.3,0.5,0.6,1.2,0.201,-1.7,3.4,1.8,0.3,14.47691936
21,30,1,6.8,0.6,1.8,0.1,0.5,0.5,1.3,0.377,0,0,0.2,0.6,0.8,0.2,0.1,0.4,0.9,1.3,3.5,0.374,0.283,0.019,3.3,9.5,6.5,13.7,1.2,1.2,17.1,13.5,-0.3,0.2,-0.1,-0.03,-6.9,-1.2,-8.2,-0.3,14.47089356
19,9,0,4.3,1,2.4,0.1,1.1,0.9,1.3,0.432,0,0.2,0.1,0.4,0.2,0.2,0,0.4,0.1,2.1,5.8,0.415,0.455,0.091,2.7,10.7,6.7,8.6,2.4,0,14.9,29,-0.2,0,-0.1,-0.152,-6.3,-0.9,-7.2,-0.1,14.46345115
21,46,11,17.5,2.1,5.3,1,2.8,1.2,2.5,0.492,0.7,1,1.6,2.7,1,0.6,0.5,0.7,1.5,5.9,12.4,0.516,0.525,0.184,9.2,16.3,12.7,8,1.5,2.7,10.5,14.9,0.6,0.5,1.2,0.07,-0.5,-0.7,-1.2,0.2,14.45620588
28,58,27,21.2,2.4,5.1,0.9,2.7,1.4,2.4,0.563,1,1.4,1,2.1,0.7,0.7,0.4,0.6,2.6,6.7,11,0.59,0.531,0.276,5.3,10.9,8.1,4.7,1.6,1.6,9.3,12.7,1.6,1,2.6,0.103,-1.4,-0.2,-1.5,0.1,14.44830617
23,34,19,23.5,2.8,6.6,1.4,3.8,1.4,2.8,0.533,1.2,1.5,1.2,3.4,1.5,0.4,1,1.1,2.4,8.3,12.4,0.571,0.578,0.222,5.8,16.5,11.1,9.4,0.9,3.9,13.3,15.9,0.6,0.9,1.5,0.09,-1.1,0.1,-1.1,0.2,14.42815297
27,56,2,17.6,3,7.8,1.4,4.1,1.7,3.7,0.476,2.1,2.5,0.3,1.5,2.6,0.7,0.3,1.2,1.2,9.4,15.3,0.534,0.524,0.317,1.9,8.7,5.3,22.2,2,1.3,11.7,24,1,1,2,0.098,0.9,0.6,1.5,0.9,14.42815297
29,58,16,21.9,3.5,8.3,1.2,3.5,2.3,4.8,0.492,1.2,1.6,1.1,3.5,1.4,0.6,0.4,0.9,3,9.4,11.7,0.521,0.419,0.19,5,17.5,11.1,8.8,1.3,1.5,9.3,19.1,0.6,1.1,1.6,0.061,-2.1,-0.6,-2.7,-0.2,14.37512635
24,40,13,17.8,2.4,5.6,0.6,2.1,1.8,3.5,0.487,0.8,1,0.3,1.5,2.7,0.7,0.2,1.1,1.6,6.3,11.5,0.519,0.377,0.184,2,9.2,5.5,21.8,1.9,1.1,15.7,17.6,0.1,0.3,0.5,0.031,-2.3,-0.7,-3,-0.2,14.36775352
23,58,24,20.8,3.3,8,0.7,2.6,2.6,5.4,0.457,1.5,2,0.5,3.6,1.5,1,0.1,1.5,1.9,8.8,10.8,0.497,0.328,0.246,2.4,18.7,10.4,11.5,2.3,0.6,14.6,21.3,-1.1,1.1,-0.1,-0.003,-3.5,-0.3,-3.8,-0.5,14.36775352
26,61,2,20.7,2.7,5.7,1.1,3.3,1.6,2.5,0.56,0.5,0.7,1,3.2,2,0.5,0.4,0.5,1.3,6.9,13.6,0.573,0.571,0.114,5.2,15,10.4,12.6,1.2,1.7,8.2,13.3,2,1.9,3.9,0.149,0.3,0.8,1.2,1,14.35960653
23,59,24,15.8,3.6,6.1,0,0.1,3.6,6.1,0.587,1,1.5,1.4,3.3,0.7,0.3,0.7,0.9,1.6,8.2,17.9,0.603,0.014,0.246,9.2,21.4,15.4,6.3,0.7,3.5,11.5,19.9,1.4,0.8,2.2,0.115,-0.6,-0.9,-1.5,0.1,14.34760009
20,63,46,20.5,3.2,7.1,0.9,2.9,2.3,4.2,0.514,1.1,1.5,0.9,3,0.8,0.7,0.4,1.2,2.3,8.5,11,0.545,0.41,0.205,4.6,15.4,10,6,1.5,1.5,13.6,18.4,0.1,1.5,1.6,0.059,-2.9,0.3,-2.6,-0.2,14.3456893
23,44,10,14.5,1.8,3.7,0.8,2.2,1,1.5,0.599,0.3,0.6,1.1,2.7,0.9,0.4,0.9,0.8,2.3,4.7,12.7,0.595,0.593,0.167,8,19,13.7,8.5,1.3,4.8,17.2,13.8,0.5,0.9,1.4,0.106,-1.8,1.1,-0.7,0.2,14.34522663
22,64,1,14,2.6,4.2,0,0.1,2.6,4.2,0.622,0.8,1,1.2,4,0.5,0.5,0.5,0.8,1.8,6,17.5,0.644,0.015,0.247,8.8,29.3,19.2,5.1,1.5,3,14,16,1.4,1.2,2.6,0.14,-1.1,0.1,-0.9,0.2,14.33362198
21,46,27,18,1.9,4.3,0.5,2.2,1.4,2.1,0.503,0.7,1.2,0.7,3.2,1.2,0.4,0.5,0.8,2,5,9.5,0.521,0.513,0.274,4.5,20.3,12.3,9.4,1,2.2,14.4,13.4,0,0.4,0.5,0.027,-3.4,-0.8,-4.1,-0.5,14.33362198
24,58,3,14,2.6,5.1,0.3,0.7,2.4,4.4,0.544,1.7,2.5,2,3.3,1,0.3,0.3,1,1.7,7.3,20.4,0.587,0.132,0.488,15.3,26.3,20.7,11.5,1,2.1,13.9,22.1,1.8,0.8,2.6,0.153,1.1,-1.1,-0.1,0.4,14.33235901
30,29,0,13.3,2.6,5.8,0.5,1.9,2.1,4,0.494,0.8,1.1,0.4,1.1,0.9,0.3,0.1,0.7,1.1,6.6,11.6,0.518,0.32,0.195,3.4,9.7,6.5,11,1.2,1,10.3,23.6,-0.2,0.3,0.1,0.018,-1.9,-1.1,-3,-0.1,14.31997117
23,67,22,25.6,2.8,6.9,1.4,4.1,1.4,2.8,0.506,0.8,1.2,0.5,3.2,1.4,1,0.6,0.9,2.2,7.8,9.3,0.526,0.591,0.172,2.2,12.6,7.5,7,1.7,1.9,10.4,13.5,0.2,1.9,2.1,0.059,-2.3,1,-1.3,0.3,14.31940824
23,21,2,12,2.9,5.6,0.4,1.2,2.5,4.3,0.56,2,2.7,0.8,3.1,0.4,0.3,0.5,0.8,0.8,8.2,21.9,0.607,0.222,0.479,7.2,26.5,17,4.8,1.3,3.2,10.7,26.1,0.4,0.3,0.8,0.151,1.4,-1,0.4,0.1,14.31346794
21,60,14,19.2,2.7,5.4,0.5,1.5,2.2,3.9,0.537,1.2,2,1.6,2.4,0.6,0.8,0.7,0.7,2.1,7,14,0.559,0.281,0.377,8.8,13.3,11.1,4.7,1.9,3.3,10.2,15.6,1.2,1.7,2.9,0.121,-1.5,1,-0.5,0.4,14.31346794
25,59,0,8.7,1.5,3.1,0.7,1.8,0.7,1.3,0.594,0.3,0.4,0.2,1.3,0.6,0.2,0.1,0.4,1,4,13,0.613,0.58,0.133,2.4,15.7,9.1,10.1,0.9,0.9,10.7,17.8,0.7,0.7,1.3,0.123,-0.2,0.2,0,0.3,14.31346794
27,27,0,12.3,2.3,4.8,0.4,1.3,1.9,3.5,0.508,1,1.3,0.2,1.3,1.1,0.5,0.3,0.6,1,5.9,14.3,0.55,0.269,0.269,1.9,11.3,6.5,13.2,1.8,1.8,9.4,20.4,0.3,0.2,0.5,0.066,-0.9,-0.8,-1.7,0,14.31346794
25,35,21,20.4,1.8,5.5,1.1,3.7,0.7,1.8,0.435,0.5,0.6,0.7,2.4,1,0.4,0.2,0.5,1.9,5.3,6.1,0.458,0.67,0.115,3.4,12.3,7.9,6.5,0.9,0.8,7.8,12.8,-0.1,0.6,0.5,0.033,-3.7,0,-3.7,-0.3,14.31346794
27,64,24,21.5,3,7.4,1,2.6,2,4.8,0.469,1.8,2.2,0.5,3.2,2,0.6,0.3,1,1.4,8.8,12.7,0.523,0.354,0.297,2.3,17,9.4,13.7,1.4,1.3,10.8,19,0.7,0.8,1.5,0.052,-0.6,-0.7,-1.2,0.3,14.29828479
33,9,9,25.6,4.8,7.7,0,0,4.8,7.7,0.623,3.2,5.3,2.7,6.6,0.4,0.8,0.4,1.8,3.8,12.8,17.4,0.638,0,0.696,11.1,28.3,19.6,2.6,1.4,1.5,15.1,19.6,0.4,0.2,0.6,0.124,-1.3,-1.7,-3,-0.1,14.29828479
22,59,42,27.2,5.6,12.5,1.2,3.6,4.4,9,0.493,2.4,3.2,0.6,2.8,3.9,0.7,0.3,2.4,1.7,14.8,14.6,0.531,0.284,0.251,2.1,10.9,6.4,24.2,1.3,1,14.6,25.6,0.1,0.7,0.8,0.023,-0.2,-1.8,-2,0,14.29828479
21,48,7,14.1,2,5.1,1,3,1.1,2.1,0.496,0.8,0.9,0.3,1.9,1.1,0.6,0,0.5,1.3,5.8,11.5,0.528,0.588,0.18,2.6,13.8,8.3,10.7,2,0.2,8.6,17.9,0.4,0.7,1.1,0.079,-1.6,-0.2,-1.8,0,14.29828479
33,73,0,20.2,3.2,7.9,2.1,6,1,1.9,0.535,0.8,0.9,0.4,2.1,0.5,0.5,0.4,0.8,1.7,9.2,11.4,0.555,0.763,0.118,2.2,11.7,6.8,4.1,1.1,1.6,8.3,19.5,0.9,1,1.9,0.061,-0.2,-1.5,-1.7,0.1,14.29828479
25,47,18,13,1.6,3.7,0.4,1.3,1.2,2.4,0.472,0.7,0.9,0.4,1.1,0.4,0.3,0.2,0.4,1,4.2,8.7,0.511,0.352,0.227,2.9,10,6.4,5.1,1.1,1.1,8.5,15,0.1,0.6,0.7,0.054,-2.8,-0.1,-3,-0.2,14.29828479
29,12,0,15.1,2.8,8.3,1,3.6,1.8,4.7,0.404,1.4,2.3,0.4,0.7,1.9,0.4,0.1,1.5,1.4,8.1,7,0.437,0.434,0.273,3,4.8,3.9,18.6,1.4,0.5,14,30.4,-0.4,0.1,-0.3,-0.077,-4,-2.5,-6.5,-0.2,14.29828479
34,38,0,19.8,4.2,10.1,1,3.4,3.2,6.8,0.468,1.4,2.1,0.3,2.2,5.6,0.6,0,1.9,1.3,10.9,16.3,0.495,0.332,0.203,1.9,11.6,6.8,47.5,1.4,0.1,14.7,28.1,0.4,0.6,1,0.064,1.2,-1.8,-0.6,0.3,14.29828479
25,4,0,31.8,7.3,13.5,1.3,3.5,6,10,0.583,4.3,5.3,1.3,6.8,1,1,0.8,1,2,20,22.5,0.633,0.259,0.389,4.2,23.4,13.7,5.3,1.5,2,5.9,23.1,0.3,0.1,0.5,0.173,3.6,0.2,3.7,0.2,14.29828479
33,59,25,20.7,1.7,4.1,0.9,2.6,0.8,1.5,0.533,0.5,0.8,0.6,2.1,1.4,0.6,0.3,0.7,2.2,4.9,7.8,0.554,0.632,0.192,2.9,10.4,6.7,9.2,1.4,1,14.2,10.4,0.6,1.2,1.8,0.07,-2.9,1.1,-1.8,0.1,14.29828479
24,42,1,7.8,1,2.5,0.5,1.4,0.5,1.1,0.51,0.2,0.3,0.3,1.5,0.4,0.1,0.2,0.3,1.2,2.7,9.4,0.528,0.548,0.106,3.5,20.5,11.9,7.8,0.4,2,9.2,15.9,0.1,0.4,0.5,0.073,-3.7,-0.2,-3.9,-0.2,14.29828479
24,68,3,11.6,1.5,2.8,0,0,1.5,2.8,0.516,0.4,0.6,0.8,1.9,1.1,0.3,0.8,0.6,1.2,3.3,12.9,0.531,0.01,0.214,7.8,16.7,12.5,12.3,1.2,5.4,16.7,13.7,0.5,1.1,1.6,0.096,-2.2,1.3,-0.9,0.2,14.29828479
21,3,0,7,0.7,2.3,0,0.7,0.7,1.7,0.286,0.3,0.7,0.7,1.3,1,0.7,0,0,1.7,1.7,10.5,0.317,0.286,0.286,10.4,19.6,15.1,18.7,4.5,0,0,15.7,0,0,0,0.079,-5.2,3.2,-2,0,14.29828479
37,70,0,19.1,2.9,6.9,2,5,0.9,1.9,0.559,0.9,1,0.1,2.2,1.2,0.4,0.2,0.8,1.5,8.6,11.2,0.582,0.72,0.151,0.7,12.4,6.6,8.9,0.9,0.7,10.3,18.5,1,1.3,2.3,0.082,-0.2,-0.3,-0.5,0.5,14.29828479
28,45,3,8.2,1.5,3,0,0.3,1.5,2.8,0.511,0.4,0.5,0.6,2,1.2,0.2,0.6,0.7,1.5,3.5,16.8,0.537,0.088,0.154,8.9,26.4,17.8,22.4,1.2,6,17.6,20.8,0.2,0.8,1,0.125,-2.5,3,0.4,0.2,14.29828479
27,28,1,13.3,1.6,4.4,0.4,1.4,1.3,3,0.415,1.1,1.9,0.7,1.8,2.5,0.7,0.5,0.7,1.7,4.8,14.7,0.458,0.309,0.431,5.4,15,10.1,26.5,2.6,3.4,12,19.4,0.2,0.6,0.8,0.099,-1.4,2.2,0.8,0.3,14.29828479
24,77,2,13.7,2.1,3.6,0,0,2.1,3.6,0.587,0.7,1,1.6,2.6,0.6,0.9,1.2,0.6,2.2,4.9,19.3,0.608,0,0.286,12.1,20,15.9,5.9,2.9,7.7,13.4,13.8,1.9,2.5,4.3,0.198,-1.2,3.3,2.1,1.1,14.29828479
29,63,5,13.7,1.3,3.5,0.7,2.2,0.6,1.3,0.479,0.3,0.5,0.7,1.7,0.5,0.3,0.2,0.3,0.7,3.6,8.1,0.493,0.626,0.137,4.9,13,8.8,4.6,0.9,1.3,8.7,12,0.2,0.9,1.1,0.064,-2,-0.4,-2.5,-0.1,14.29828479
26,37,1,12.8,2,4.4,0.5,1.6,1.5,2.7,0.522,0.8,0.9,0.2,1.5,2.5,0.4,0.1,0.9,1.3,5.3,13.5,0.558,0.373,0.205,1.4,12.6,7.1,28.7,1.4,0.7,16.6,19,0.5,0.6,1.1,0.116,-1.1,0.8,-0.3,0.2,14.29828479
30,25,8,12.9,0.8,2.8,0.4,1.6,0.5,1.2,0.37,0.5,0.6,0.7,1.4,0.8,0.2,0,0.6,1,2.5,4.6,0.414,0.58,0.232,6.1,12.5,9.2,7.8,0.6,0.3,15.5,12,-0.3,0,-0.2,-0.035,-4.5,-1.9,-6.4,-0.4,14.29828479
25,73,11,19.6,2.5,5.8,0.3,1.2,2.2,4.6,0.46,1.1,1.7,0.5,2.6,1.9,1.2,0.4,0.8,1.7,6.5,12.4,0.494,0.209,0.289,2.5,14.5,8.4,14.1,3,1.8,11.1,16.5,-0.1,1.6,1.4,0.048,-2.8,1.5,-1.3,0.2,14.29828479
34,50,2,12.2,1.4,3,0.7,1.6,0.7,1.4,0.591,0.3,0.4,0.2,2.3,0.5,0.9,0.1,0.5,0.8,3.8,12.1,0.599,0.523,0.148,1.4,20.1,10.9,6.1,3.4,0.7,13.6,12.9,0.2,1.2,1.5,0.115,-1.6,3.1,1.5,0.5,14.29828479
28,59,19,19,2,4.4,0.6,1.7,1.3,2.7,0.515,0.7,0.9,0.7,2.2,4.2,0.5,0.1,1.3,1.9,5.3,11.7,0.544,0.387,0.207,3.9,11.5,7.7,27.6,1.2,0.4,21.1,13.3,1.3,0.7,2,0.084,-1.4,-0.4,-1.8,0.1,14.29828479
26,58,8,19.4,4.1,9.4,1,2.7,3.1,6.7,0.482,1.8,2.1,0.5,1.2,2.7,0.6,0.1,0.8,1,10.9,16.5,0.524,0.29,0.226,2.6,6.7,4.6,24.1,1.4,0.5,7.5,24.8,1.4,0.5,1.9,0.081,1.5,-1.4,0.1,0.6,14.29828479
22,25,0,3.8,0.4,0.7,0.2,0.4,0.2,0.3,0.611,0,0.1,0.3,0.4,0.2,0.1,0,0.2,0.4,0.9,9.3,0.595,0.556,0.167,8,12.7,10.4,8.2,1,0,17.2,10.6,0.1,0.1,0.2,0.086,-2.8,-1.4,-4.2,-0.1,14.29828479
36,55,6,15.9,1.1,1.8,0,0,1.1,1.8,0.616,0.9,1.6,1.7,3.9,0.7,0.4,0.4,0.8,2,3.1,11.2,0.63,0.01,0.879,11.1,25.3,18.3,5.3,1.1,2.2,23.4,8.5,0.9,1.2,2.1,0.114,-2.9,0.8,-2.1,0,14.29828479
38,10,1,7.4,1.1,3.3,0,1.2,1.1,2.1,0.333,0.3,0.4,0.3,2.4,0.2,0,0,0.3,0.9,2.5,3.6,0.36,0.364,0.121,4.3,34.5,19.4,4,0,0,7.9,21.9,-0.2,0.1,-0.1,-0.075,-8.4,-2.4,-10.9,-0.2,14.29828479
42,76,9,17.5,2.6,6.2,1.6,4.2,1,2,0.55,0.6,0.9,0.4,2.1,1.1,0.6,0.4,0.6,1.9,7.4,11.8,0.565,0.675,0.141,2.4,13.2,7.7,9.3,1.5,1.8,8.8,16.7,1.2,0.7,1.9,0.07,-0.4,-0.3,-0.7,0.5,14.29828479
31,51,33,23.1,2.2,5.4,1.2,3.1,1.1,2.3,0.526,0.4,0.5,0.9,3.3,1.6,0.5,0.4,0.9,2.4,6,8.5,0.537,0.579,0.092,4.4,14.6,9.7,9.1,1,1.4,13.9,11.8,0.5,1,1.5,0.062,-2.3,-0.5,-2.8,-0.2,14.29828479
25,61,1,11.4,1.5,3.5,0.5,1.6,1,1.9,0.498,0.4,0.6,0.2,1.7,0.3,0.3,0.2,0.4,1.1,4,8.8,0.522,0.465,0.167,2,15.7,8.6,3.8,1.3,1.5,10.1,15.1,0,0.9,0.9,0.062,-3.6,0.3,-3.2,-0.2,14.29702271
24,73,40,27.5,4,9.6,1.7,4.7,2.2,4.9,0.506,1,1.3,0.5,3.1,1.8,0.8,0.1,1,1.8,10.7,10.8,0.526,0.49,0.14,1.7,12.2,6.8,10.4,1.4,0.4,8.7,17.3,0.7,0.9,1.5,0.037,-1.7,-0.9,-2.6,-0.3,14.29702271
23,18,0,18.3,2.7,6.8,0.8,2.2,1.9,4.6,0.463,1.2,1.7,0.5,1.2,0.9,0.6,0.2,1.1,2.8,7.5,7.6,0.499,0.328,0.246,3,7.6,5.3,7.6,1.5,1.1,12.3,20.9,-0.3,0.3,0,-0.004,-5,-1.2,-6.3,-0.4,14.29702271
23,43,13,17.7,2.8,6,0.9,2,2,4,0.549,0.8,1.1,0.2,1.9,1.1,0.3,0.1,0.4,1.7,7.3,11.7,0.57,0.339,0.179,1.1,11.7,6.3,9.2,0.8,0.6,6.1,16.8,0.9,0.3,1.2,0.073,-2.1,-1.6,-3.7,-0.3,14.29702271
20,61,16,19.2,3.2,7.3,0.9,2.8,2.3,4.6,0.493,0.9,1.2,0.4,1.8,1.1,0.4,0,0.8,1.5,8.1,9.4,0.517,0.378,0.163,2.2,9.5,5.9,8,1,0.1,9.1,18.5,0.1,0.4,0.4,0.018,-2.9,-1.7,-4.6,-0.8,14.29702271
25,82,16,20.4,2,4.2,0.8,2.1,1.2,2,0.574,0.4,0.5,0.3,3.2,1.5,0.7,0.3,0.9,2.1,5.2,9,0.589,0.513,0.122,1.5,16.7,9.2,10,1.5,1.1,16.2,11,0.7,2.5,3.3,0.094,-2.6,2.1,-0.5,0.6,14.29702271
24,56,3,10.6,1.2,2.8,0.5,1.6,0.7,1.2,0.513,0.4,0.7,0.4,1.1,0.4,0.2,0.1,0.3,0.8,3.3,8.5,0.531,0.563,0.247,4.3,11.2,7.7,5.1,0.8,0.6,9.8,14.1,0.2,0.5,0.7,0.057,-2.8,-1.2,-4,-0.3,14.29702271
23,58,7,17.8,2.5,5.4,0.9,2.5,1.6,2.8,0.55,0.5,0.7,0.5,2.7,1.4,0.4,0.1,0.8,1.5,6.4,10.9,0.563,0.471,0.135,3,14.4,9,10.7,1.1,0.7,12.2,15.2,0.7,1.4,2.1,0.098,-1.8,0.3,-1.5,0.1,14.29702271
24,68,13,18.1,1.7,4,0.4,1.2,1.2,2.9,0.465,1.2,1.5,0.5,2.2,1.1,0.4,0.3,0.6,1.8,5,8.7,0.531,0.288,0.376,3.2,13,8,7.9,1.1,1.5,12.1,12.8,0.5,1.4,1.9,0.073,-3.8,0.6,-3.2,-0.4,14.29696092
20,66,19,20.6,3.1,4.4,0,0,3.1,4.4,0.694,1.2,2,2.7,3.7,0.6,0.8,2.4,0.5,3.3,7.3,22,0.692,0,0.464,13.3,19.4,16.3,4.2,1.8,10,9.1,12.1,4,2.2,6.1,0.217,0.1,2.4,2.5,1.6,14.28533417
22,57,3,14.5,2.9,6.9,0.6,1.6,2.3,5.4,0.465,0.9,1.3,0.1,1.7,0.7,0.2,0.2,0.6,0.7,7.3,10.6,0.487,0.23,0.192,0.9,13.1,6.9,8.2,0.7,0.9,7.5,24.5,-0.8,0.3,-0.5,-0.03,-2.4,-2.7,-5.2,-0.7,14.27813138
26,28,0,5.8,1.2,2.7,0.4,1.3,0.8,1.4,0.526,0.5,0.5,0.6,1.4,0.1,0.2,0.9,0.3,1.1,3.3,22.2,0.563,0.487,0.197,10.9,25.8,18.5,1.9,1.8,12.2,7.8,23.6,0.2,0.4,0.7,0.194,-0.2,2.8,2.6,0.2,14.27813138
25,10,0,6.7,1.1,2.6,1,2.1,0.1,0.5,0.615,0.3,0.4,0.1,0.4,0.1,0.1,0.1,0.1,0.5,3.5,13.7,0.63,0.808,0.154,1.7,6.3,4,2.1,0.7,1.2,3.5,18.5,0.1,0.1,0.2,0.13,1.2,-1.6,-0.5,0,14.27813138
23,82,6,24,4.2,8.6,1.1,2.8,3.1,5.8,0.56,0.8,1,0.4,1.9,3.6,0.9,0,0.6,1.2,10.4,16.2,0.577,0.323,0.115,1.9,8.8,5.3,21.7,1.8,0.2,6.6,17.1,4.4,1.8,6.2,0.151,1.1,0.3,1.5,1.7,14.27813138
24,62,0,10.1,1.5,3.5,0.1,0.3,1.4,3.2,0.433,0.5,0.9,0.3,1.3,0.7,0.3,0.1,0.6,1.3,3.5,7,0.45,0.088,0.263,3.5,13.2,8.5,9.5,1.6,0.9,12.9,18.7,-0.8,0.5,-0.3,-0.023,-5.6,-0.8,-6.4,-0.7,14.27813138
23,22,0,4.7,0.4,1.3,0.4,1.1,0,0.2,0.448,0.2,0.2,0.1,0.5,0,0,0,0.4,0.6,1.4,0.9,0.481,0.862,0.172,2.2,11.2,6.8,0,0.5,0,20.4,16.4,-0.2,0.1,-0.1,-0.06,-6.6,-2.1,-8.8,-0.2,14.26617845
22,16,0,5.9,0.6,2.1,0.1,0.6,0.5,1.5,0.333,0.5,0.7,0.1,0.8,0.8,0.1,0.1,0.9,0.7,1.9,1.3,0.396,0.273,0.333,2.3,14.4,8.5,16.6,0.5,1.7,27,23.3,-0.4,0.1,-0.3,-0.153,-8.4,-1.9,-10.3,-0.2,14.25050275
25,12,0,5.7,0.8,1.3,0,0,0.8,1.3,0.625,0.6,0.7,0.5,1.3,0.3,0.3,0.3,0.1,0.7,2.3,21.1,0.692,0,0.5,9.3,24,16.5,6.4,2.2,3.7,4.9,13.1,0.2,0.1,0.4,0.258,0.5,2,2.5,0.1,14.24012906
37,72,2,26.2,5.8,13.3,1.2,3.6,4.6,9.7,0.478,2.3,3.2,1,3,4.2,0.8,0.5,2.3,1.6,15,15.8,0.51,0.272,0.243,3.9,12.2,8,26.5,1.5,1.8,13.5,27.9,0.1,2.3,2.4,0.061,0.8,-0.2,0.6,1.2,14.22934124
27,30,16,21,2.1,5.5,1.1,3.2,1,2.3,0.494,0.6,0.8,0.2,1.7,2.8,0.5,0.1,1.2,1.7,6,8,0.518,0.585,0.146,1,9.2,5.1,18.2,1.1,0.3,16.7,14.2,0,0.1,0.1,0.008,-2.7,-1.4,-4.1,-0.3,14.22934124
28,26,0,8.2,0.9,2.7,0.2,1.1,0.7,1.7,0.366,0.1,0.1,0.2,1,1.1,0.5,0.2,0.6,0.8,2.1,6.3,0.38,0.394,0.042,2.6,12.9,7.9,17.3,2.7,2,18.1,17.9,-0.5,0.3,-0.1,-0.027,-5.4,1.9,-3.5,-0.1,14.22934124
30,36,0,14.4,2.4,4.5,0.4,1.2,2,3.3,0.581,1.1,1.6,0.5,2.7,0.7,0.6,0.3,0.6,1,6.3,15.7,0.606,0.267,0.36,3.6,21.5,12.4,8.1,1.9,1.6,11,18,0.6,0.7,1.3,0.119,-0.3,0.7,0.4,0.3,14.22934124
26,72,5,13.9,1.9,3.8,0.6,1.6,1.3,2.2,0.564,0.4,0.7,1.1,2.3,0.4,0.3,0.2,0.4,1.9,4.7,11.2,0.569,0.429,0.175,9,16.9,13.1,4,0.9,1.3,9.2,13.9,1.2,0.9,2.1,0.1,-2.2,-1.3,-3.5,-0.4,14.22097567
22,20,0,13.4,1.7,4.4,0.7,2.2,1,2.2,0.471,0.3,0.4,0.5,1.3,0.9,0.4,0.4,0.3,1.5,4.4,9.3,0.483,0.506,0.08,3.7,10,6.9,9.2,1.4,2.3,6.2,15,0.1,0.3,0.3,0.059,-2.6,-0.6,-3.2,-0.1,14.19099538
29,36,0,9.5,1.4,2.9,0.4,1.1,0.9,1.8,0.552,0.7,0.8,0.1,1.1,1.6,0.3,0.1,0.5,0.9,3.9,14.3,0.597,0.371,0.267,0.9,11.8,6.4,22.5,1.7,0.5,13.9,17.1,0.6,0.4,1,0.134,-1.3,0.7,-0.7,0.1,14.18410212
23,18,0,11.7,1.4,4.1,0.7,2.6,0.7,1.5,0.425,1.1,1.2,0.2,1.8,1.2,0.3,0,1,0.8,4.5,8.1,0.49,0.63,0.301,2,15.9,9,14.1,1.4,0,17.9,20,-0.2,0.2,0,0.004,-3.6,0.4,-3.2,-0.1,14.18410212
28,62,41,23.9,2.7,7.2,1.5,4.4,1.2,2.8,0.481,0.6,0.7,0.4,2.5,1.8,1,0.4,0.8,2,7.5,9.1,0.499,0.612,0.101,1.9,11.4,6.5,9.9,1.9,1.4,9.7,14.5,0.1,1.2,1.4,0.045,-2.4,0.5,-1.9,0,14.1655602
22,14,0,4.6,0.3,1.1,0.1,0.1,0.2,1,0.281,0.3,0.6,0.3,1.1,0.1,0.1,0.2,0,0.5,0.9,6.3,0.333,0.125,0.5,7.1,25.5,16.5,2,0.8,4.2,0,13.3,-0.1,0.1,0,0.027,-5.7,-2,-7.7,-0.1,14.16394807
22,74,56,19.6,1.7,4.2,0.3,1.3,1.4,3,0.436,0.6,0.8,0.6,1.9,1.2,0.5,0.5,0.6,2.4,4.3,6.9,0.469,0.296,0.191,3.5,10.7,7,8.8,1.4,2.1,11.9,11.5,-0.1,1.6,1.5,0.048,-4.4,1,-3.3,-0.5,14.16394807
21,29,0,5,0.7,2,0,0.1,0.7,1.9,0.328,0.4,0.6,0.3,0.9,0.4,0.2,0.1,0.5,0.5,1.8,6.4,0.389,0.034,0.293,6.8,20.1,13.5,12,2,1.2,18.6,24.4,-0.5,0.2,-0.3,-0.099,-7.3,-1.4,-8.7,-0.2,14.16394807
29,12,0,13.9,1,3.9,0.8,2.8,0.2,1.1,0.362,0,0,0.2,0.6,0.8,0.1,0,0.2,0.6,2.8,2,0.362,0.723,0,1.3,4.3,2.8,7.2,0.3,0,4.1,12,-0.2,0,-0.2,-0.054,-5.6,-3.2,-8.8,-0.3,14.16394807
20,50,31,19.7,2,5.1,0.6,1.9,1.4,3.2,0.447,0.4,0.6,0.5,2.2,3.2,1.4,0.5,1.5,2.3,5,9.9,0.466,0.371,0.109,2.8,12.5,7.5,22.3,3.3,1.9,21.8,15,-0.8,0.8,0,0.002,-3.8,1.1,-2.7,-0.2,14.16394807
25,32,0,7.5,1,2.6,0.3,0.8,0.8,1.7,0.451,0.3,0.4,0.1,0.8,0.3,0.2,0.3,0.3,1,2.6,7,0.47,0.329,0.146,1.7,10.7,6,5,1.2,2.8,9.3,16.3,-0.2,0.3,0.1,0.027,-4.9,0.6,-4.3,-0.1,14.16394807
23,46,3,14.7,1.6,4.7,0.7,2.6,0.9,2.1,0.421,0.8,1,0.2,1.2,2.6,0.5,0,0.7,1,4.7,10.3,0.459,0.56,0.213,1.6,8.6,5,24.8,1.7,0.3,11.3,17,0.2,0.3,0.5,0.035,-2.6,-1.3,-4,-0.3,14.16394807
24,15,1,10.7,1.2,3.1,0.7,2.3,0.5,0.7,0.5,0.3,0.4,0.1,1.1,0.3,0.3,0,0.3,0.7,3.3,7.6,0.514,0.761,0.13,1.3,11.2,6.3,4.4,1.5,0,7.6,14,0,0.2,0.2,0.051,-3.4,0,-3.4,-0.1,14.16394807
21,53,16,18.1,2.2,5.5,0.7,2.5,1.4,3,0.46,0.7,0.9,0.2,1.6,2.4,0.6,0.1,1.3,2.1,5.7,7.6,0.489,0.455,0.162,1.4,10.1,5.7,18.7,1.6,0.6,18.2,17,-0.7,0.2,-0.5,-0.027,-4.2,-1.5,-5.7,-0.9,14.16394807
20,15,1,7.4,1.1,3.3,0.3,1.4,0.7,1.9,0.37,0.2,0.5,0.1,0.7,0.3,0.1,0.1,0.3,0.3,2.7,3.6,0.377,0.42,0.14,1,9.4,5.3,6.2,0.4,1.4,7,21.7,-0.3,0.1,-0.2,-0.092,-6.6,-4.2,-10.8,-0.2,14.16394807
20,51,3,10.3,1.5,3.2,0.1,0.5,1.4,2.8,0.467,0.7,1.2,0.7,1.2,0.3,0.4,0.2,0.5,1.5,3.7,10.1,0.497,0.145,0.358,7.2,12,9.5,4.4,1.9,1.6,10.7,16.6,0.1,0.7,0.8,0.069,-4.4,0.2,-4.2,-0.3,14.16394807
20,28,0,7.9,0.7,1.5,0.1,0.2,0.6,1.3,0.512,0.4,0.5,0.8,0.9,0.5,0.3,0.4,0.5,2,1.9,10,0.562,0.146,0.341,10.3,13.3,11.8,9.4,1.6,4.6,21.6,11.8,0.2,0.3,0.5,0.101,-5.1,1.2,-3.9,-0.1,14.16394807
22,73,38,21.8,3.6,7.7,0.9,2.5,2.8,5.3,0.523,1.2,1.6,0.3,2,3.2,0.5,0.1,1.2,1.7,9.3,12.8,0.549,0.32,0.212,1.7,9.6,5.7,22.6,1.1,0.2,12.5,19.1,1.5,1,2.6,0.077,-1.2,-0.5,-1.7,0.1,14.16394807
19,17,0,4.1,0.5,1.1,0,0.1,0.5,1.1,0.474,0.4,0.6,0.4,0.9,0.2,0.4,0.1,0.5,0.5,1.4,12.4,0.513,0.053,0.526,10.9,25.2,18,5.9,4.3,1.3,25.5,19.4,-0.1,0.1,0.1,0.037,-5.2,1,-4.2,0,14.16394807
23,6,2,23.8,2,5.5,0.3,1.7,1.7,3.8,0.394,0.2,0.3,2.7,5.5,2.2,1.2,0.8,0.8,1.7,4.5,12.1,0.398,0.303,0.061,11.8,23.4,17.7,11.4,2.3,2.9,12.9,11.3,0,0.2,0.2,0.084,-2.2,2.4,0.2,0.1,14.16394807
23,39,3,14.8,1.4,4.7,0.9,2.6,0.6,2.1,0.395,0.7,0.8,0.4,1.3,1.8,0.7,0.3,0.8,1.4,4.4,7.8,0.432,0.551,0.173,2.7,10.3,6.4,17.4,2.2,1.8,14.2,18,-0.7,0.7,0,-0.003,-4.1,0.1,-4,-0.3,14.16394807
23,30,3,16.8,2,4.7,0.4,1.7,1.6,3,0.468,0.6,0.9,0.5,2.2,0.6,0.6,0.5,0.5,1,5,9.6,0.489,0.366,0.197,3.4,14.4,8.8,4.6,1.7,2.4,8.3,14.1,0,0.4,0.3,0.032,-2.8,-0.6,-3.4,-0.2,14.16394807
24,46,29,23.5,2.3,6.1,1.1,3.4,1.2,2.7,0.477,0.3,0.4,1.2,3.6,1.8,1,0.4,0.8,2.1,6.1,9.7,0.485,0.559,0.068,5.4,15.5,10.5,9.5,1.9,1.4,11.1,12.3,0.3,0.9,1.2,0.053,-2.3,0.4,-1.9,0,14.16394807
22,26,0,7.5,0.8,2.7,0.4,1.3,0.5,1.3,0.391,0.3,0.4,0.2,0.6,0.3,0.3,0.2,0.2,0.8,2.3,6.2,0.413,0.507,0.159,2.2,9.3,5.6,6,1.8,2.2,5.1,17.2,-0.2,0.2,0,0.005,-4.9,-0.1,-5,-0.2,14.16394807
22,10,0,4.4,0.7,2.1,0,0.6,0.7,1.5,0.333,0.1,0.4,0.3,0.2,0.1,0.1,0,0.1,0.6,1.5,1.2,0.33,0.286,0.19,7.2,4.9,6.1,3.3,1.1,0,4.2,23.5,-0.2,0,-0.1,-0.133,-11.3,-3.2,-14.5,-0.1,14.16394807
28,42,0,10.8,1.4,3,0.9,2.2,0.5,0.8,0.603,0.4,0.5,0.2,1.3,0.5,0.1,0.1,0.4,0.8,4,10.7,0.621,0.738,0.151,1.9,12.9,7.4,7.2,0.6,0.8,10.6,14.3,0.5,0.3,0.8,0.086,-0.5,-0.5,-1,0.1,14.16394807
21,42,0,10.5,1.1,3.3,0.7,2.1,0.4,1.2,0.432,0.3,0.5,0.2,0.6,0.9,0.3,0,0.5,0.6,3.2,6,0.447,0.636,0.143,2.2,6.2,4.2,10.9,1.5,0.2,12.4,16,-0.4,0.3,-0.1,-0.012,-3.9,-1.1,-5,-0.3,14.16394807
22,2,0,6.5,0.5,2,0,0.5,0.5,1.5,0.25,0,0,0.5,1,0,0.5,0,0,0,1,5.7,0.25,0.25,0,8.2,16.4,12.3,0,3.8,0,0,13.2,0,0,0,-0.026,-7.5,-1.6,-9.2,0,14.16394807
19,22,0,5.5,0.2,1.5,0,0.4,0.2,1.1,0.152,0.4,0.7,0.4,0.7,0.7,0.4,0.2,0.3,0.4,0.9,6,0.24,0.242,0.455,7.9,13.5,10.8,14.9,3.5,2.7,13.2,15.7,-0.3,0.2,-0.1,-0.059,-7,2.2,-4.8,-0.1,14.16394101
20,3,0,2,0,1,0,0,0,1,0,0,0,0.3,0.7,0.3,0,0.3,0.3,0,0,-6,0,0,0,18.9,36.2,27.7,19.4,0,14.8,25,29.1,-0.1,0,-0.1,-0.48,-14,-2.3,-16.2,0,14.13631933
23,4,0,7.3,1,2.5,0.3,0.8,0.8,1.8,0.45,0.3,0.5,0,1.3,1,0.5,0,0.3,0.3,2.5,12.2,0.46,0.3,0.2,0,16.5,8.8,18.1,3.2,0,8.4,17.2,0,0.1,0.1,0.084,-3.7,3.3,-0.4,0,14.13631933
23,1,0,1,1,1,0,0,1,1,1,0,0,0,0,0,0,0,0,0,2,80.4,1,0,0,0,0,0,0,0,0,0,43.4,0,0,0,1.261,40.1,11.9,52,0,14.13631933
34,10,2,29.4,4.9,12.1,2.1,6.4,2.8,5.7,0.492,1.5,2.2,0.9,4.5,0.5,0.4,0.7,0.8,3.2,13.4,10.9,0.513,0.529,0.182,3.3,17.3,10.2,2.6,0.7,2,5.8,20.5,0.1,0.2,0.3,0.048,-1.3,-1.4,-2.7,-0.1,14.12608167
28,15,0,6.8,0.8,2.3,0.5,1.7,0.3,0.6,0.471,0.3,0.3,0,0.3,0.5,0.1,0,0.1,0.7,2.4,7.3,0.503,0.735,0.118,0,5.3,2.6,9.5,0.5,0,2.7,15.3,0.1,0,0.1,0.035,-1.9,-2.9,-4.8,-0.1,14.11515801
26,3,0,2,0,0.7,0,0.7,0,0,0,0,0,0.3,0.3,0,0,0,0,0,0,-4.5,0,1,0,17.8,18.4,18.1,0,0,0,0,14.1,0,0,0,-0.251,-9,-7.8,-16.8,0,13.98766561
26,3,0,5.3,1.7,2.7,0.3,0.7,1.3,2,0.688,0,0,0.3,0.3,1.3,1,0.3,0.3,0.7,3.7,36.9,0.688,0.25,0,6.7,6.9,6.8,45.1,8.9,5.3,11.1,23.8,0.1,0,0.1,0.358,8.3,10.6,18.9,0.1,13.86706737
33,4,0,9.3,0.8,2.3,0.8,2,0,0.3,0.5,0,0,0,0.3,0.5,0,0.3,0.5,1,2.3,2.3,0.5,0.889,0,0,2.9,1.5,6.8,0,2.4,18.2,12.7,0,0,0,-0.021,-4.3,-2.5,-6.9,0,13.8572128
25,15,0,10.1,0.3,1.3,0.1,0.9,0.2,0.5,0.225,0.3,0.4,0.1,0.7,1,0.4,0.1,0.3,1.2,0.9,2.5,0.309,0.65,0.3,0.7,7.1,3.8,12.8,1.9,0.6,18.1,7.8,-0.2,0.1,-0.1,-0.034,-7.7,0.7,-7,-0.2,13.76272141
26,51,14,19.3,2.5,5.1,0.5,1.5,2,3.7,0.527,1.1,1.7,0.8,2.4,1.1,0.7,0.3,0.6,2.1,6.5,12.5,0.558,0.286,0.324,4.4,14.4,9.2,8.1,1.8,1.5,8.8,14.6,1.1,0.3,1.4,0.069,-1.8,-0.3,-2.1,0,13.71360075
26,32,0,11.7,1.8,4,0.8,2.1,0.9,1.8,0.547,0.6,0.7,0.3,1.8,0.4,0.4,0,0.3,0.9,4.9,11.9,0.578,0.535,0.173,2.4,15.3,9.1,4.5,1.6,0,7.4,16.8,0.3,0.4,0.7,0.09,-1.2,-1.1,-2.2,0,13.64392358
22,39,0,14.3,1.4,3.5,0.3,0.9,1.1,2.7,0.438,0.4,0.7,0.1,1.8,2.2,0.3,0.1,0.8,1.7,3.5,6.7,0.455,0.246,0.188,0.9,13.4,7.1,21,1,0.3,17.2,14.1,-0.3,0.5,0.3,0.023,-5.4,0.4,-5,-0.4,13.63932693
21,43,2,11.6,1.6,4.2,0.4,1.7,1.2,2.5,0.417,0.7,1,0.9,2.4,0.5,0.4,0.3,0.8,1.9,4.2,9.2,0.455,0.4,0.25,8.6,23.6,15.8,6.5,1.7,1.9,15.3,20.6,-0.6,0.4,-0.2,-0.023,-5.7,-1.9,-7.5,-0.7,13.3915795
23,50,7,13.4,1.6,4.4,0.7,2.3,0.9,2,0.459,0.6,0.8,0.2,1.7,0.5,0.4,0.2,0.4,1.5,4.6,8,0.489,0.532,0.188,1.7,14.1,7.8,5.5,1.4,1,8.2,16.6,-0.3,0.5,0.2,0.015,-4.1,-1.1,-5.2,-0.5,13.3915795
32,75,75,28.4,3.7,8.7,1.9,5.1,1.8,3.6,0.529,0.9,1.1,1,4.4,1.2,0.9,0.8,0.6,2.1,10.1,12.6,0.548,0.586,0.132,3.8,17.1,10.3,6.1,1.6,2.5,6.4,14.9,1.9,1.9,3.8,0.086,-0.4,0.2,-0.3,0.9,13.31178964
25,64,3,18.4,2.5,5.2,0.3,0.7,2.2,4.5,0.5,1.5,1.9,1.4,2.5,1,0.5,0.6,0.7,2.4,6.7,13.3,0.553,0.142,0.37,7.9,14.8,11.3,7.4,1.3,2.9,10,15.7,1.5,1,2.5,0.1,-2.3,-0.1,-2.4,-0.1,13.29652171
24,51,2,12.6,1,3,0.8,2.7,0.2,0.3,0.467,0.1,0.1,0.5,1.8,0.4,0.4,0.5,0.1,0.9,2.9,9.2,0.48,0.914,0.046,4.1,16.2,10,3.8,1.5,3.5,4.3,10.9,0.3,0.7,1,0.071,-1.1,0.4,-0.7,0.2,13.22746006
23,16,0,3.6,0.4,1.4,0.1,0.4,0.3,1.1,0.304,0.6,0.7,0.1,0.1,0.9,0,0,0.2,0.4,1.4,8.3,0.413,0.261,0.478,1.9,3.8,2.8,32.1,0,0,9.7,23.1,0,0,0,0.021,-4.7,-4.8,-9.5,-0.1,13.16683566
32,67,8,25.4,3.4,8.6,1.6,4.6,1.8,4,0.487,2.7,3.6,1,4.2,1.3,0.5,0.1,1.1,1.7,11.1,12.1,0.546,0.539,0.421,4.2,17.3,10.8,7.2,0.9,0.5,9.7,18.6,1.5,1.6,3.1,0.088,-0.9,-0.6,-1.5,0.2,13.14748712
28,82,82,27.9,5.4,12.8,2.1,5.7,3.3,7,0.504,2.5,2.9,0.5,2.1,4.2,0.7,0.1,1.8,2.5,15.4,15.2,0.547,0.45,0.225,2.1,8.5,5.2,24.7,1.2,0.3,11.4,24.5,3.1,1.9,5,0.105,1.3,-0.9,0.4,1.4,13.14748712
32,77,44,27.2,4.2,8.9,1.4,4.2,2.8,4.8,0.555,2.4,2.7,0.7,3.3,1.8,0.6,0.5,1.3,2.1,12.3,13.6,0.608,0.466,0.3,2.9,13.3,8,9.2,1,1.6,11.5,17.8,2.8,0.8,3.6,0.083,0,-1.4,-1.4,0.3,12.99333611
27,51,1,14.9,2.2,5.4,1.5,3.8,0.8,1.6,0.545,0.4,0.5,0.3,1.2,0.5,0.5,0.1,0.5,1.5,6.2,9.8,0.558,0.705,0.084,1.9,8.9,5.3,5,1.6,0.5,8.7,17.6,0.2,0.1,0.3,0.02,-1.7,-2,-3.7,-0.3,12.85980569
27,44,28,25.9,4.5,10.9,2.5,6.6,2,4.3,0.528,0.5,1,0.2,2.5,2.8,0.7,0.2,1.5,1.6,12,11.4,0.53,0.605,0.092,0.7,10.2,5.4,16.4,1.2,0.7,11.4,21.1,0.1,1.1,1.2,0.052,-0.5,-0.6,-1.1,0.3,12.83570744
33,11,4,20.2,2.5,7.2,1.1,3.5,1.4,3.6,0.418,0.7,0.9,0,1.6,1.9,1,0.3,1,1.7,6.7,7.8,0.444,0.494,0.127,0,9.4,4.5,13.8,2.5,1.2,11.7,18.6,-0.3,0.1,-0.2,-0.038,-3.7,0.5,-3.2,-0.1,12.57695666
29,6,1,15.5,2.7,5,0,0.2,2.7,4.8,0.533,2.3,3,1.8,2.2,0.7,0.2,0.5,0.7,3.3,7.7,17.3,0.607,0.033,0.6,12.9,15.7,14.2,6.7,0.5,3.1,9.5,20.1,0.2,0.1,0.3,0.167,-3.1,-1.9,-5,-0.1,12.41180958
29,6,0,10.8,1.3,4.8,0,2.2,1.3,2.7,0.276,1,1,0.2,1,1.3,0.5,0,0.8,0.8,3.7,3.6,0.348,0.448,0.207,1.7,10.4,6,17.5,2.2,0,13.6,24.2,-0.2,0,-0.2,-0.166,-8.4,-2.9,-11.3,-0.2,12.24773748
33,65,0,16.6,1.5,4,1.2,3.3,0.3,0.7,0.539,0.7,0.9,0.2,2.5,0.7,0.3,0.3,0.6,1.4,5,8.6,0.571,0.83,0.232,1.5,16.2,8.8,5.5,0.8,1.7,11.2,12.5,0.6,0.5,1.2,0.052,-1.7,-0.7,-2.4,-0.1,12.11786965
26,57,22,26.8,3.8,9.2,1.6,4.6,2.2,4.7,0.498,1.7,2.2,0.6,2.4,2.9,0.9,0.5,1.4,1.7,10.9,12.4,0.532,0.494,0.241,2.4,9.8,6.1,15.9,1.7,1.6,11.7,18.5,0.9,1.4,2.3,0.071,-0.7,0.3,-0.4,0.6,12.11786965
